name,ensembl_gene_id
ensembl_A,ENSSSAG00000072686
ensembl_B,ENSSSAG00000006623
ensembl_A,ENSSSAG00000080505
ensembl_B,ENSSSAG00000068846
ensembl_A,ENSSSAG00000072882
ensembl_B,ENSSSAG00000062981
ensembl_A,ENSSSAG00000093665
ensembl_B,ENSSSAG00000053544
ensembl_A,ENSSSAG00000064172
ensembl_B,ENSSSAG00000070511
ensembl_A,ENSSSAG00000005909
ensembl_B,ENSSSAG00000053861
ensembl_A,ENSSSAG00000052234
ensembl_B,ENSSSAG00000043162
ensembl_A,ENSSSAG00000041000
ensembl_B,ENSSSAG00000063475
ensembl_A,ENSSSAG00000039526
ensembl_B,ENSSSAG00000107836
ensembl_A,ENSSSAG00000001266
ensembl_B,ENSSSAG00000080578
ensembl_A,ENSSSAG00000084886
ensembl_B,ENSSSAG00000072197
ensembl_A,ENSSSAG00000063847
ensembl_B,ENSSSAG00000062948
ensembl_A,ENSSSAG00000100623
ensembl_B,ENSSSAG00000077924
ensembl_A,ENSSSAG00000078661
ensembl_B,ENSSSAG00000104276
ensembl_A,ENSSSAG00000046080
ensembl_B,ENSSSAG00000006681
ensembl_A,ENSSSAG00000041025
ensembl_B,ENSSSAG00000080616
ensembl_A,ENSSSAG00000068527
ensembl_B,ENSSSAG00000009802
ensembl_A,ENSSSAG00000069392
ensembl_B,ENSSSAG00000042221
ensembl_A,ENSSSAG00000081095
ensembl_B,ENSSSAG00000003134
ensembl_A,ENSSSAG00000044931
ensembl_B,ENSSSAG00000109879
ensembl_A,ENSSSAG00000094912
ensembl_B,ENSSSAG00000068569
ensembl_A,ENSSSAG00000103268
ensembl_B,ENSSSAG00000002641
ensembl_A,ENSSSAG00000054668
ensembl_B,ENSSSAG00000120113
ensembl_A,ENSSSAG00000115673
ensembl_B,ENSSSAG00000093418
ensembl_A,ENSSSAG00000074209
ensembl_B,ENSSSAG00000066355
ensembl_A,ENSSSAG00000042877
ensembl_B,ENSSSAG00000067971
ensembl_A,ENSSSAG00000083441
ensembl_B,ENSSSAG00000092033
ensembl_A,ENSSSAG00000086246
ensembl_B,ENSSSAG00000066427
ensembl_A,ENSSSAG00000110425
ensembl_B,ENSSSAG00000024249
ensembl_A,ENSSSAG00000067511
ensembl_B,ENSSSAG00000106162
ensembl_A,ENSSSAG00000067999
ensembl_B,ENSSSAG00000113293
ensembl_A,ENSSSAG00000046616
ensembl_B,ENSSSAG00000079910
ensembl_A,ENSSSAG00000079561
ensembl_B,ENSSSAG00000079892
ensembl_A,ENSSSAG00000078394
ensembl_B,ENSSSAG00000015452
ensembl_A,ENSSSAG00000045830
ensembl_B,ENSSSAG00000040024
ensembl_A,ENSSSAG00000072014
ensembl_B,ENSSSAG00000046356
ensembl_A,ENSSSAG00000074794
ensembl_B,ENSSSAG00000046867
ensembl_A,ENSSSAG00000072069
ensembl_B,ENSSSAG00000049768
ensembl_A,ENSSSAG00000003910
ensembl_B,ENSSSAG00000051653
ensembl_A,ENSSSAG00000067062
ensembl_B,ENSSSAG00000046975
ensembl_A,ENSSSAG00000102749
ensembl_B,ENSSSAG00000082801
ensembl_A,ENSSSAG00000105694
ensembl_B,ENSSSAG00000092891
ensembl_A,ENSSSAG00000095175
ensembl_B,ENSSSAG00000102025
ensembl_A,ENSSSAG00000070282
ensembl_B,ENSSSAG00000089165
ensembl_A,ENSSSAG00000077478
ensembl_B,ENSSSAG00000039748
ensembl_A,ENSSSAG00000071362
ensembl_B,ENSSSAG00000040839
ensembl_A,ENSSSAG00000085999
ensembl_B,ENSSSAG00000034600
ensembl_A,ENSSSAG00000074547
ensembl_B,ENSSSAG00000070035
ensembl_A,ENSSSAG00000044992
ensembl_B,ENSSSAG00000091550
ensembl_A,ENSSSAG00000092170
ensembl_B,ENSSSAG00000094851
ensembl_A,ENSSSAG00000096472
ensembl_B,ENSSSAG00000063794
ensembl_A,ENSSSAG00000004189
ensembl_B,ENSSSAG00000115245
ensembl_A,ENSSSAG00000105676
ensembl_B,ENSSSAG00000080545
ensembl_A,ENSSSAG00000044002
ensembl_B,ENSSSAG00000062697
ensembl_A,ENSSSAG00000055242
ensembl_B,ENSSSAG00000059477
ensembl_A,ENSSSAG00000054471
ensembl_B,ENSSSAG00000109523
ensembl_A,ENSSSAG00000075547
ensembl_B,ENSSSAG00000083332
ensembl_A,ENSSSAG00000053630
ensembl_B,ENSSSAG00000084081
ensembl_A,ENSSSAG00000052939
ensembl_B,ENSSSAG00000015484
ensembl_A,ENSSSAG00000078466
ensembl_B,ENSSSAG00000015519
ensembl_A,ENSSSAG00000064292
ensembl_B,ENSSSAG00000016498
ensembl_A,ENSSSAG00000055455
ensembl_B,ENSSSAG00000088529
ensembl_A,ENSSSAG00000109831
ensembl_B,ENSSSAG00000088642
ensembl_A,ENSSSAG00000117112
ensembl_B,ENSSSAG00000015896
ensembl_A,ENSSSAG00000069498
ensembl_B,ENSSSAG00000097206
ensembl_A,ENSSSAG00000058926
ensembl_B,ENSSSAG00000010140
ensembl_A,ENSSSAG00000080111
ensembl_B,ENSSSAG00000004878
ensembl_A,ENSSSAG00000006720
ensembl_B,ENSSSAG00000065899
ensembl_A,ENSSSAG00000076721
ensembl_B,ENSSSAG00000058580
ensembl_A,ENSSSAG00000078399
ensembl_B,ENSSSAG00000105793
ensembl_A,ENSSSAG00000104050
ensembl_B,ENSSSAG00000064115
ensembl_A,ENSSSAG00000051173
ensembl_B,ENSSSAG00000078845
ensembl_A,ENSSSAG00000007422
ensembl_B,ENSSSAG00000079639
ensembl_A,ENSSSAG00000080772
ensembl_B,ENSSSAG00000079616
ensembl_A,ENSSSAG00000053108
ensembl_B,ENSSSAG00000079607
ensembl_A,ENSSSAG00000039537
ensembl_B,ENSSSAG00000082709
ensembl_A,ENSSSAG00000074584
ensembl_B,ENSSSAG00000079511
ensembl_A,ENSSSAG00000003293
ensembl_B,ENSSSAG00000009161
ensembl_A,ENSSSAG00000085784
ensembl_B,ENSSSAG00000009198
ensembl_A,ENSSSAG00000067593
ensembl_B,ENSSSAG00000050899
ensembl_A,ENSSSAG00000112885
ensembl_B,ENSSSAG00000043708
ensembl_A,ENSSSAG00000043938
ensembl_B,ENSSSAG00000112316
ensembl_A,ENSSSAG00000075023
ensembl_B,ENSSSAG00000051547
ensembl_A,ENSSSAG00000068344
ensembl_B,ENSSSAG00000102804
ensembl_A,ENSSSAG00000073285
ensembl_B,ENSSSAG00000085997
ensembl_A,ENSSSAG00000059480
ensembl_B,ENSSSAG00000054398
ensembl_A,ENSSSAG00000095391
ensembl_B,ENSSSAG00000094600
ensembl_A,ENSSSAG00000066401
ensembl_B,ENSSSAG00000072800
ensembl_A,ENSSSAG00000077749
ensembl_B,ENSSSAG00000087093
ensembl_A,ENSSSAG00000075988
ensembl_B,ENSSSAG00000088607
ensembl_A,ENSSSAG00000003147
ensembl_B,ENSSSAG00000005927
ensembl_A,ENSSSAG00000096833
ensembl_B,ENSSSAG00000005942
ensembl_A,ENSSSAG00000043976
ensembl_B,ENSSSAG00000088022
ensembl_A,ENSSSAG00000003044
ensembl_B,ENSSSAG00000056162
ensembl_A,ENSSSAG00000105847
ensembl_B,ENSSSAG00000041242
ensembl_A,ENSSSAG00000046197
ensembl_B,ENSSSAG00000004728
ensembl_A,ENSSSAG00000044910
ensembl_B,ENSSSAG00000109906
ensembl_A,ENSSSAG00000080449
ensembl_B,ENSSSAG00000025098
ensembl_A,ENSSSAG00000104786
ensembl_B,ENSSSAG00000042768
ensembl_A,ENSSSAG00000068864
ensembl_B,ENSSSAG00000101194
ensembl_A,ENSSSAG00000066386
ensembl_B,ENSSSAG00000102137
ensembl_A,ENSSSAG00000074806
ensembl_B,ENSSSAG00000117480
ensembl_A,ENSSSAG00000054353
ensembl_B,ENSSSAG00000079317
ensembl_A,ENSSSAG00000048719
ensembl_B,ENSSSAG00000039611
ensembl_A,ENSSSAG00000052109
ensembl_B,ENSSSAG00000080464
ensembl_A,ENSSSAG00000070419
ensembl_B,ENSSSAG00000112958
ensembl_A,ENSSSAG00000074735
ensembl_B,ENSSSAG00000102221
ensembl_A,ENSSSAG00000057134
ensembl_B,ENSSSAG00000111604
ensembl_A,ENSSSAG00000118939
ensembl_B,ENSSSAG00000029308
ensembl_A,ENSSSAG00000057150
ensembl_B,ENSSSAG00000077524
ensembl_A,ENSSSAG00000068423
ensembl_B,ENSSSAG00000055494
ensembl_A,ENSSSAG00000043626
ensembl_B,ENSSSAG00000054817
ensembl_A,ENSSSAG00000004282
ensembl_B,ENSSSAG00000052157
ensembl_A,ENSSSAG00000074627
ensembl_B,ENSSSAG00000052077
ensembl_A,ENSSSAG00000067458
ensembl_B,ENSSSAG00000101380
ensembl_A,ENSSSAG00000065498
ensembl_B,ENSSSAG00000080077
ensembl_A,ENSSSAG00000121196
ensembl_B,ENSSSAG00000107178
ensembl_A,ENSSSAG00000091974
ensembl_B,ENSSSAG00000081413
ensembl_A,ENSSSAG00000081575
ensembl_B,ENSSSAG00000046211
ensembl_A,ENSSSAG00000045443
ensembl_B,ENSSSAG00000038613
ensembl_A,ENSSSAG00000005332
ensembl_B,ENSSSAG00000102839
ensembl_A,ENSSSAG00000054703
ensembl_B,ENSSSAG00000045642
ensembl_A,ENSSSAG00000076092
ensembl_B,ENSSSAG00000033446
ensembl_A,ENSSSAG00000069123
ensembl_B,ENSSSAG00000081527
ensembl_A,ENSSSAG00000070146
ensembl_B,ENSSSAG00000062934
ensembl_A,ENSSSAG00000085845
ensembl_B,ENSSSAG00000006411
ensembl_A,ENSSSAG00000069229
ensembl_B,ENSSSAG00000005926
ensembl_A,ENSSSAG00000068032
ensembl_B,ENSSSAG00000091939
ensembl_A,ENSSSAG00000001893
ensembl_B,ENSSSAG00000050806
ensembl_A,ENSSSAG00000065204
ensembl_B,ENSSSAG00000121337
ensembl_A,ENSSSAG00000006401
ensembl_B,ENSSSAG00000110899
ensembl_A,ENSSSAG00000116344
ensembl_B,ENSSSAG00000006710
ensembl_A,ENSSSAG00000104706
ensembl_B,ENSSSAG00000006736
ensembl_A,ENSSSAG00000007234
ensembl_B,ENSSSAG00000077813
ensembl_A,ENSSSAG00000006292
ensembl_B,ENSSSAG00000004351
ensembl_A,ENSSSAG00000070559
ensembl_A,ENSSSAG00000096290
ensembl_B,ENSSSAG00000009706
ensembl_A,ENSSSAG00000075597
ensembl_B,ENSSSAG00000044624
ensembl_A,ENSSSAG00000009314
ensembl_B,ENSSSAG00000103819
ensembl_A,ENSSSAG00000002458
ensembl_B,ENSSSAG00000108187
ensembl_A,ENSSSAG00000073649
ensembl_B,ENSSSAG00000065087
ensembl_A,ENSSSAG00000120772
ensembl_B,ENSSSAG00000062736
ensembl_A,ENSSSAG00000006178
ensembl_B,ENSSSAG00000065788
ensembl_A,ENSSSAG00000002479
ensembl_B,ENSSSAG00000111663
ensembl_A,ENSSSAG00000006550
ensembl_B,ENSSSAG00000068114
ensembl_A,ENSSSAG00000063819
ensembl_B,ENSSSAG00000089647
ensembl_A,ENSSSAG00000088298
ensembl_B,ENSSSAG00000114537
ensembl_A,ENSSSAG00000081302
ensembl_B,ENSSSAG00000118365
ensembl_A,ENSSSAG00000043048
ensembl_B,ENSSSAG00000121993
ensembl_A,ENSSSAG00000005497
ensembl_B,ENSSSAG00000114100
ensembl_A,ENSSSAG00000114928
ensembl_B,ENSSSAG00000002555
ensembl_A,ENSSSAG00000005634
ensembl_B,ENSSSAG00000006091
ensembl_A,ENSSSAG00000100057
ensembl_B,ENSSSAG00000093126
ensembl_A,ENSSSAG00000071238
ensembl_B,ENSSSAG00000076852
ensembl_A,ENSSSAG00000074502
ensembl_B,ENSSSAG00000076659
ensembl_A,ENSSSAG00000002809
ensembl_B,ENSSSAG00000065582
ensembl_A,ENSSSAG00000069956
ensembl_B,ENSSSAG00000008547
ensembl_A,ENSSSAG00000056895
ensembl_B,ENSSSAG00000073297
ensembl_A,ENSSSAG00000005162
ensembl_B,ENSSSAG00000100544
ensembl_A,ENSSSAG00000081193
ensembl_B,ENSSSAG00000099063
ensembl_A,ENSSSAG00000074382
ensembl_B,ENSSSAG00000068076
ensembl_A,ENSSSAG00000068354
ensembl_B,ENSSSAG00000104632
ensembl_A,ENSSSAG00000025431
ensembl_B,ENSSSAG00000096550
ensembl_A,ENSSSAG00000065275
ensembl_B,ENSSSAG00000054105
ensembl_A,ENSSSAG00000118009
ensembl_B,ENSSSAG00000088675
ensembl_A,ENSSSAG00000076293
ensembl_B,ENSSSAG00000015918
ensembl_A,ENSSSAG00000039009
ensembl_B,ENSSSAG00000085019
ensembl_A,ENSSSAG00000002699
ensembl_B,ENSSSAG00000080424
ensembl_A,ENSSSAG00000008256
ensembl_B,ENSSSAG00000080412
ensembl_A,ENSSSAG00000073880
ensembl_B,ENSSSAG00000057100
ensembl_A,ENSSSAG00000005353
ensembl_B,ENSSSAG00000105032
ensembl_A,ENSSSAG00000065380
ensembl_B,ENSSSAG00000094572
ensembl_A,ENSSSAG00000109715
ensembl_B,ENSSSAG00000007556
ensembl_A,ENSSSAG00000048993
ensembl_B,ENSSSAG00000006546
ensembl_A,ENSSSAG00000073014
ensembl_B,ENSSSAG00000111968
ensembl_A,ENSSSAG00000064525
ensembl_B,ENSSSAG00000004500
ensembl_A,ENSSSAG00000055545
ensembl_B,ENSSSAG00000103102
ensembl_A,ENSSSAG00000046686
ensembl_B,ENSSSAG00000079977
ensembl_A,ENSSSAG00000004982
ensembl_B,ENSSSAG00000081081
ensembl_A,ENSSSAG00000082290
ensembl_B,ENSSSAG00000085297
ensembl_A,ENSSSAG00000043512
ensembl_B,ENSSSAG00000042258
ensembl_A,ENSSSAG00000055817
ensembl_B,ENSSSAG00000053584
ensembl_A,ENSSSAG00000121221
ensembl_B,ENSSSAG00000086753
ensembl_A,ENSSSAG00000071557
ensembl_B,ENSSSAG00000054710
ensembl_A,ENSSSAG00000008716
ensembl_B,ENSSSAG00000066258
ensembl_A,ENSSSAG00000110197
ensembl_B,ENSSSAG00000048018
ensembl_A,ENSSSAG00000113405
ensembl_B,ENSSSAG00000066669
ensembl_A,ENSSSAG00000044611
ensembl_B,ENSSSAG00000066751
ensembl_A,ENSSSAG00000077917
ensembl_B,ENSSSAG00000069809
ensembl_A,ENSSSAG00000052071
ensembl_B,ENSSSAG00000091331
ensembl_A,ENSSSAG00000053452
ensembl_B,ENSSSAG00000085110
ensembl_A,ENSSSAG00000041899
ensembl_B,ENSSSAG00000054229
ensembl_A,ENSSSAG00000103261
ensembl_B,ENSSSAG00000092123
ensembl_A,ENSSSAG00000069490
ensembl_B,ENSSSAG00000087813
ensembl_A,ENSSSAG00000112091
ensembl_B,ENSSSAG00000084657
ensembl_A,ENSSSAG00000081599
ensembl_B,ENSSSAG00000079810
ensembl_A,ENSSSAG00000051296
ensembl_B,ENSSSAG00000067088
ensembl_A,ENSSSAG00000092074
ensembl_B,ENSSSAG00000114629
ensembl_A,ENSSSAG00000095640
ensembl_B,ENSSSAG00000038376
ensembl_A,ENSSSAG00000008312
ensembl_B,ENSSSAG00000104980
ensembl_A,ENSSSAG00000118712
ensembl_B,ENSSSAG00000076797
ensembl_A,ENSSSAG00000083222
ensembl_B,ENSSSAG00000083486
ensembl_A,ENSSSAG00000073979
ensembl_B,ENSSSAG00000118889
ensembl_A,ENSSSAG00000073617
ensembl_B,ENSSSAG00000112784
ensembl_A,ENSSSAG00000058719
ensembl_B,ENSSSAG00000118265
ensembl_A,ENSSSAG00000074154
ensembl_B,ENSSSAG00000116454
ensembl_A,ENSSSAG00000076633
ensembl_B,ENSSSAG00000004998
ensembl_A,ENSSSAG00000066796
ensembl_B,ENSSSAG00000079996
ensembl_A,ENSSSAG00000080229
ensembl_B,ENSSSAG00000066460
ensembl_A,ENSSSAG00000003207
ensembl_B,ENSSSAG00000097047
ensembl_A,ENSSSAG00000067826
ensembl_B,ENSSSAG00000106677
ensembl_A,ENSSSAG00000114578
ensembl_B,ENSSSAG00000006413
ensembl_A,ENSSSAG00000052781
ensembl_B,ENSSSAG00000004198
ensembl_A,ENSSSAG00000113398
ensembl_B,ENSSSAG00000004175
ensembl_A,ENSSSAG00000089264
ensembl_B,ENSSSAG00000077051
ensembl_A,ENSSSAG00000003931
ensembl_B,ENSSSAG00000087713
ensembl_A,ENSSSAG00000067942
ensembl_B,ENSSSAG00000094855
ensembl_A,ENSSSAG00000047181
ensembl_B,ENSSSAG00000042632
ensembl_A,ENSSSAG00000079465
ensembl_B,ENSSSAG00000064683
ensembl_A,ENSSSAG00000080157
ensembl_B,ENSSSAG00000039974
ensembl_A,ENSSSAG00000074204
ensembl_B,ENSSSAG00000090594
ensembl_A,ENSSSAG00000070233
ensembl_B,ENSSSAG00000031237
ensembl_A,ENSSSAG00000073470
ensembl_B,ENSSSAG00000088360
ensembl_A,ENSSSAG00000075678
ensembl_B,ENSSSAG00000015735
ensembl_A,ENSSSAG00000000328
ensembl_B,ENSSSAG00000005784
ensembl_A,ENSSSAG00000089795
ensembl_B,ENSSSAG00000012748
ensembl_A,ENSSSAG00000063387
ensembl_B,ENSSSAG00000083746
ensembl_A,ENSSSAG00000054954
ensembl_B,ENSSSAG00000040344
ensembl_A,ENSSSAG00000065214
ensembl_B,ENSSSAG00000080620
ensembl_A,ENSSSAG00000089464
ensembl_B,ENSSSAG00000099605
ensembl_A,ENSSSAG00000015350
ensembl_B,ENSSSAG00000056569
ensembl_A,ENSSSAG00000089707
ensembl_B,ENSSSAG00000086639
ensembl_A,ENSSSAG00000000544
ensembl_B,ENSSSAG00000099913
ensembl_A,ENSSSAG00000067328
ensembl_B,ENSSSAG00000063608
ensembl_A,ENSSSAG00000005871
ensembl_B,ENSSSAG00000063601
ensembl_A,ENSSSAG00000077892
ensembl_B,ENSSSAG00000052796
ensembl_A,ENSSSAG00000078055
ensembl_B,ENSSSAG00000072601
ensembl_A,ENSSSAG00000068390
ensembl_B,ENSSSAG00000077170
ensembl_A,ENSSSAG00000049002
ensembl_B,ENSSSAG00000048169
ensembl_A,ENSSSAG00000004119
ensembl_B,ENSSSAG00000031885
ensembl_A,ENSSSAG00000080757
ensembl_B,ENSSSAG00000101866
ensembl_A,ENSSSAG00000109272
ensembl_B,ENSSSAG00000093227
ensembl_A,ENSSSAG00000064334
ensembl_B,ENSSSAG00000079145
ensembl_A,ENSSSAG00000081530
ensembl_B,ENSSSAG00000078423
ensembl_A,ENSSSAG00000063430
ensembl_A,ENSSSAG00000070790
ensembl_B,ENSSSAG00000068577
ensembl_A,ENSSSAG00000122198
ensembl_B,ENSSSAG00000068533
ensembl_A,ENSSSAG00000042281
ensembl_B,ENSSSAG00000068520
ensembl_A,ENSSSAG00000119880
ensembl_B,ENSSSAG00000049367
ensembl_A,ENSSSAG00000002521
ensembl_B,ENSSSAG00000004749
ensembl_A,ENSSSAG00000094393
ensembl_B,ENSSSAG00000068495
ensembl_A,ENSSSAG00000010079
ensembl_B,ENSSSAG00000091903
ensembl_A,ENSSSAG00000043478
ensembl_B,ENSSSAG00000119432
ensembl_A,ENSSSAG00000108474
ensembl_B,ENSSSAG00000044979
ensembl_A,ENSSSAG00000117363
ensembl_B,ENSSSAG00000076961
ensembl_A,ENSSSAG00000005455
ensembl_B,ENSSSAG00000075207
ensembl_A,ENSSSAG00000045132
ensembl_B,ENSSSAG00000069519
ensembl_A,ENSSSAG00000006557
ensembl_B,ENSSSAG00000100340
ensembl_A,ENSSSAG00000113917
ensembl_B,ENSSSAG00000038671
ensembl_A,ENSSSAG00000001285
ensembl_B,ENSSSAG00000093986
ensembl_A,ENSSSAG00000054894
ensembl_B,ENSSSAG00000077798
ensembl_A,ENSSSAG00000008591
ensembl_B,ENSSSAG00000072012
ensembl_A,ENSSSAG00000091743
ensembl_B,ENSSSAG00000064254
ensembl_A,ENSSSAG00000086327
ensembl_B,ENSSSAG00000073303
ensembl_A,ENSSSAG00000016231
ensembl_B,ENSSSAG00000099367
ensembl_A,ENSSSAG00000008705
ensembl_B,ENSSSAG00000039025
ensembl_A,ENSSSAG00000008212
ensembl_B,ENSSSAG00000039238
ensembl_A,ENSSSAG00000047800
ensembl_B,ENSSSAG00000050780
ensembl_A,ENSSSAG00000047834
ensembl_B,ENSSSAG00000068612
ensembl_A,ENSSSAG00000054429
ensembl_B,ENSSSAG00000077591
ensembl_A,ENSSSAG00000000894
ensembl_B,ENSSSAG00000077771
ensembl_A,ENSSSAG00000017684
ensembl_B,ENSSSAG00000077818
ensembl_A,ENSSSAG00000009220
ensembl_B,ENSSSAG00000089425
ensembl_A,ENSSSAG00000040517
ensembl_B,ENSSSAG00000071781
ensembl_A,ENSSSAG00000064027
ensembl_B,ENSSSAG00000082184
ensembl_A,ENSSSAG00000030907
ensembl_B,ENSSSAG00000050865
ensembl_A,ENSSSAG00000070226
ensembl_B,ENSSSAG00000115927
ensembl_A,ENSSSAG00000122043
ensembl_B,ENSSSAG00000064013
ensembl_A,ENSSSAG00000046779
ensembl_B,ENSSSAG00000073488
ensembl_A,ENSSSAG00000091187
ensembl_B,ENSSSAG00000117467
ensembl_A,ENSSSAG00000079304
ensembl_B,ENSSSAG00000091442
ensembl_A,ENSSSAG00000009170
ensembl_B,ENSSSAG00000065647
ensembl_A,ENSSSAG00000109421
ensembl_B,ENSSSAG00000068745
ensembl_A,ENSSSAG00000073627
ensembl_B,ENSSSAG00000064527
ensembl_A,ENSSSAG00000015810
ensembl_B,ENSSSAG00000054876
ensembl_A,ENSSSAG00000072470
ensembl_B,ENSSSAG00000108982
ensembl_A,ENSSSAG00000075238
ensembl_B,ENSSSAG00000090070
ensembl_A,ENSSSAG00000067639
ensembl_B,ENSSSAG00000118145
ensembl_A,ENSSSAG00000041446
ensembl_B,ENSSSAG00000089280
ensembl_A,ENSSSAG00000066172
ensembl_B,ENSSSAG00000101698
ensembl_A,ENSSSAG00000094827
ensembl_B,ENSSSAG00000080001
ensembl_A,ENSSSAG00000001705
ensembl_B,ENSSSAG00000080322
ensembl_A,ENSSSAG00000065442
ensembl_B,ENSSSAG00000055507
ensembl_A,ENSSSAG00000078773
ensembl_B,ENSSSAG00000011048
ensembl_A,ENSSSAG00000004008
ensembl_B,ENSSSAG00000015815
ensembl_A,ENSSSAG00000074168
ensembl_B,ENSSSAG00000050998
ensembl_A,ENSSSAG00000042879
ensembl_B,ENSSSAG00000062833
ensembl_A,ENSSSAG00000005224
ensembl_B,ENSSSAG00000098393
ensembl_A,ENSSSAG00000102866
ensembl_B,ENSSSAG00000068026
ensembl_A,ENSSSAG00000066811
ensembl_B,ENSSSAG00000074951
ensembl_A,ENSSSAG00000082668
ensembl_B,ENSSSAG00000072780
ensembl_A,ENSSSAG00000063247
ensembl_B,ENSSSAG00000095612
ensembl_A,ENSSSAG00000044898
ensembl_B,ENSSSAG00000051861
ensembl_A,ENSSSAG00000039050
ensembl_B,ENSSSAG00000049241
ensembl_A,ENSSSAG00000081424
ensembl_B,ENSSSAG00000040895
ensembl_A,ENSSSAG00000008699
ensembl_B,ENSSSAG00000040669
ensembl_A,ENSSSAG00000074070
ensembl_B,ENSSSAG00000090245
ensembl_A,ENSSSAG00000041411
ensembl_B,ENSSSAG00000078015
ensembl_A,ENSSSAG00000000766
ensembl_B,ENSSSAG00000077325
ensembl_A,ENSSSAG00000046804
ensembl_A,ENSSSAG00000049723
ensembl_B,ENSSSAG00000077284
ensembl_A,ENSSSAG00000043588
ensembl_B,ENSSSAG00000117445
ensembl_A,ENSSSAG00000000172
ensembl_B,ENSSSAG00000042798
ensembl_A,ENSSSAG00000078641
ensembl_B,ENSSSAG00000097850
ensembl_A,ENSSSAG00000043507
ensembl_B,ENSSSAG00000103206
ensembl_A,ENSSSAG00000104034
ensembl_B,ENSSSAG00000117293
ensembl_A,ENSSSAG00000080526
ensembl_B,ENSSSAG00000054301
ensembl_A,ENSSSAG00000065516
ensembl_B,ENSSSAG00000108399
ensembl_A,ENSSSAG00000094435
ensembl_B,ENSSSAG00000080063
ensembl_A,ENSSSAG00000077005
ensembl_B,ENSSSAG00000112402
ensembl_A,ENSSSAG00000004765
ensembl_B,ENSSSAG00000079105
ensembl_A,ENSSSAG00000003535
ensembl_B,ENSSSAG00000005551
ensembl_B,ENSSSAG00000109130
ensembl_A,ENSSSAG00000072855
ensembl_B,ENSSSAG00000074492
ensembl_A,ENSSSAG00000032297
ensembl_B,ENSSSAG00000055531
ensembl_A,ENSSSAG00000053736
ensembl_B,ENSSSAG00000029317
ensembl_A,ENSSSAG00000100066
ensembl_B,ENSSSAG00000047252
ensembl_A,ENSSSAG00000122223
ensembl_B,ENSSSAG00000120245
ensembl_A,ENSSSAG00000057321
ensembl_B,ENSSSAG00000076717
ensembl_A,ENSSSAG00000068465
ensembl_B,ENSSSAG00000065642
ensembl_A,ENSSSAG00000006920
ensembl_B,ENSSSAG00000110223
ensembl_A,ENSSSAG00000007056
ensembl_B,ENSSSAG00000079426
ensembl_A,ENSSSAG00000105377
ensembl_B,ENSSSAG00000093675
ensembl_A,ENSSSAG00000117654
ensembl_B,ENSSSAG00000043149
ensembl_A,ENSSSAG00000052450
ensembl_B,ENSSSAG00000110019
ensembl_A,ENSSSAG00000096896
ensembl_B,ENSSSAG00000002781
ensembl_A,ENSSSAG00000049094
ensembl_B,ENSSSAG00000002639
ensembl_A,ENSSSAG00000052831
ensembl_B,ENSSSAG00000005903
ensembl_A,ENSSSAG00000065276
ensembl_B,ENSSSAG00000121553
ensembl_A,ENSSSAG00000057905
ensembl_B,ENSSSAG00000097128
ensembl_A,ENSSSAG00000015852
ensembl_B,ENSSSAG00000095691
ensembl_A,ENSSSAG00000055627
ensembl_B,ENSSSAG00000039396
ensembl_A,ENSSSAG00000078332
ensembl_B,ENSSSAG00000100885
ensembl_A,ENSSSAG00000111720
ensembl_B,ENSSSAG00000067873
ensembl_A,ENSSSAG00000039596
ensembl_B,ENSSSAG00000005764
ensembl_A,ENSSSAG00000093840
ensembl_B,ENSSSAG00000087363
ensembl_A,ENSSSAG00000038451
ensembl_B,ENSSSAG00000004981
ensembl_A,ENSSSAG00000056679
ensembl_B,ENSSSAG00000005646
ensembl_A,ENSSSAG00000075568
ensembl_B,ENSSSAG00000101880
ensembl_A,ENSSSAG00000116713
ensembl_B,ENSSSAG00000009871
ensembl_A,ENSSSAG00000108707
ensembl_A,ENSSSAG00000007643
ensembl_B,ENSSSAG00000047602
ensembl_A,ENSSSAG00000078607
ensembl_B,ENSSSAG00000065449
ensembl_A,ENSSSAG00000093997
ensembl_B,ENSSSAG00000013052
ensembl_A,ENSSSAG00000081753
ensembl_B,ENSSSAG00000057049
ensembl_A,ENSSSAG00000075790
ensembl_B,ENSSSAG00000058399
ensembl_A,ENSSSAG00000056346
ensembl_B,ENSSSAG00000015900
ensembl_A,ENSSSAG00000072159
ensembl_B,ENSSSAG00000041431
ensembl_A,ENSSSAG00000107705
ensembl_B,ENSSSAG00000046390
ensembl_A,ENSSSAG00000114390
ensembl_B,ENSSSAG00000085361
ensembl_A,ENSSSAG00000081630
ensembl_B,ENSSSAG00000087382
ensembl_A,ENSSSAG00000080334
ensembl_B,ENSSSAG00000050005
ensembl_A,ENSSSAG00000055833
ensembl_B,ENSSSAG00000041621
ensembl_A,ENSSSAG00000001003
ensembl_B,ENSSSAG00000113179
ensembl_A,ENSSSAG00000052850
ensembl_B,ENSSSAG00000045280
ensembl_A,ENSSSAG00000105530
ensembl_B,ENSSSAG00000045422
ensembl_A,ENSSSAG00000077598
ensembl_B,ENSSSAG00000042618
ensembl_A,ENSSSAG00000106778
ensembl_B,ENSSSAG00000073808
ensembl_A,ENSSSAG00000071378
ensembl_B,ENSSSAG00000039347
ensembl_A,ENSSSAG00000066735
ensembl_B,ENSSSAG00000044988
ensembl_A,ENSSSAG00000038975
ensembl_B,ENSSSAG00000058050
ensembl_B,ENSSSAG00000059365
ensembl_A,ENSSSAG00000005365
ensembl_B,ENSSSAG00000066717
ensembl_A,ENSSSAG00000088742
ensembl_B,ENSSSAG00000062440
ensembl_A,ENSSSAG00000064961
ensembl_B,ENSSSAG00000047965
ensembl_A,ENSSSAG00000074738
ensembl_B,ENSSSAG00000048014
ensembl_A,ENSSSAG00000066781
ensembl_B,ENSSSAG00000047878
ensembl_A,ENSSSAG00000081519
ensembl_B,ENSSSAG00000116544
ensembl_A,ENSSSAG00000084452
ensembl_B,ENSSSAG00000090794
ensembl_A,ENSSSAG00000087000
ensembl_B,ENSSSAG00000085502
ensembl_A,ENSSSAG00000044707
ensembl_B,ENSSSAG00000066617
ensembl_A,ENSSSAG00000112402
ensembl_B,ENSSSAG00000073482
ensembl_A,ENSSSAG00000099780
ensembl_B,ENSSSAG00000073534
ensembl_A,ENSSSAG00000067170
ensembl_B,ENSSSAG00000073254
ensembl_A,ENSSSAG00000108736
ensembl_B,ENSSSAG00000041056
ensembl_A,ENSSSAG00000002535
ensembl_B,ENSSSAG00000067187
ensembl_A,ENSSSAG00000087746
ensembl_B,ENSSSAG00000041128
ensembl_A,ENSSSAG00000016736
ensembl_B,ENSSSAG00000071571
ensembl_A,ENSSSAG00000049640
ensembl_B,ENSSSAG00000042905
ensembl_A,ENSSSAG00000048030
ensembl_B,ENSSSAG00000041651
ensembl_A,ENSSSAG00000093448
ensembl_B,ENSSSAG00000056166
ensembl_A,ENSSSAG00000066490
ensembl_B,ENSSSAG00000042830
ensembl_A,ENSSSAG00000074550
ensembl_B,ENSSSAG00000093215
ensembl_A,ENSSSAG00000122213
ensembl_B,ENSSSAG00000069341
ensembl_A,ENSSSAG00000067347
ensembl_B,ENSSSAG00000069970
ensembl_A,ENSSSAG00000092776
ensembl_B,ENSSSAG00000109100
ensembl_A,ENSSSAG00000076899
ensembl_B,ENSSSAG00000072221
ensembl_A,ENSSSAG00000090164
ensembl_B,ENSSSAG00000044921
ensembl_A,ENSSSAG00000008290
ensembl_B,ENSSSAG00000111597
ensembl_A,ENSSSAG00000052029
ensembl_B,ENSSSAG00000054419
ensembl_A,ENSSSAG00000091193
ensembl_B,ENSSSAG00000044530
ensembl_A,ENSSSAG00000016312
ensembl_B,ENSSSAG00000067476
ensembl_A,ENSSSAG00000078817
ensembl_B,ENSSSAG00000113520
ensembl_A,ENSSSAG00000061432
ensembl_B,ENSSSAG00000067647
ensembl_A,ENSSSAG00000094379
ensembl_B,ENSSSAG00000046257
ensembl_A,ENSSSAG00000078647
ensembl_B,ENSSSAG00000067704
ensembl_A,ENSSSAG00000077977
ensembl_B,ENSSSAG00000041575
ensembl_A,ENSSSAG00000074607
ensembl_B,ENSSSAG00000040791
ensembl_A,ENSSSAG00000079642
ensembl_B,ENSSSAG00000056399
ensembl_A,ENSSSAG00000116652
ensembl_B,ENSSSAG00000065724
ensembl_A,ENSSSAG00000063936
ensembl_B,ENSSSAG00000067099
ensembl_A,ENSSSAG00000008579
ensembl_B,ENSSSAG00000109138
ensembl_A,ENSSSAG00000076571
ensembl_B,ENSSSAG00000120883
ensembl_A,ENSSSAG00000097843
ensembl_B,ENSSSAG00000058643
ensembl_A,ENSSSAG00000071284
ensembl_B,ENSSSAG00000095110
ensembl_A,ENSSSAG00000054376
ensembl_B,ENSSSAG00000055938
ensembl_A,ENSSSAG00000028652
ensembl_B,ENSSSAG00000064908
ensembl_A,ENSSSAG00000040632
ensembl_B,ENSSSAG00000077638
ensembl_A,ENSSSAG00000081663
ensembl_B,ENSSSAG00000055954
ensembl_A,ENSSSAG00000004802
ensembl_B,ENSSSAG00000077676
ensembl_A,ENSSSAG00000065890
ensembl_B,ENSSSAG00000087300
ensembl_A,ENSSSAG00000008869
ensembl_B,ENSSSAG00000096954
ensembl_A,ENSSSAG00000076754
ensembl_B,ENSSSAG00000104426
ensembl_A,ENSSSAG00000039899
ensembl_B,ENSSSAG00000049688
ensembl_A,ENSSSAG00000119742
ensembl_B,ENSSSAG00000006144
ensembl_A,ENSSSAG00000076319
ensembl_B,ENSSSAG00000068500
ensembl_A,ENSSSAG00000048073
ensembl_B,ENSSSAG00000068338
ensembl_A,ENSSSAG00000032055
ensembl_B,ENSSSAG00000066450
ensembl_A,ENSSSAG00000077659
ensembl_B,ENSSSAG00000055414
ensembl_A,ENSSSAG00000052655
ensembl_B,ENSSSAG00000007294
ensembl_A,ENSSSAG00000006777
ensembl_B,ENSSSAG00000007286
ensembl_A,ENSSSAG00000007031
ensembl_B,ENSSSAG00000093278
ensembl_A,ENSSSAG00000086172
ensembl_B,ENSSSAG00000074295
ensembl_A,ENSSSAG00000000389
ensembl_B,ENSSSAG00000068565
ensembl_A,ENSSSAG00000005195
ensembl_B,ENSSSAG00000075652
ensembl_A,ENSSSAG00000071774
ensembl_B,ENSSSAG00000093782
ensembl_A,ENSSSAG00000062802
ensembl_B,ENSSSAG00000078168
ensembl_A,ENSSSAG00000054746
ensembl_B,ENSSSAG00000110522
ensembl_A,ENSSSAG00000058816
ensembl_B,ENSSSAG00000063131
ensembl_A,ENSSSAG00000049929
ensembl_B,ENSSSAG00000063211
ensembl_A,ENSSSAG00000070390
ensembl_B,ENSSSAG00000040424
ensembl_A,ENSSSAG00000005885
ensembl_B,ENSSSAG00000108728
ensembl_A,ENSSSAG00000041859
ensembl_B,ENSSSAG00000071514
ensembl_A,ENSSSAG00000066945
ensembl_B,ENSSSAG00000044436
ensembl_A,ENSSSAG00000039229
ensembl_B,ENSSSAG00000044238
ensembl_A,ENSSSAG00000012970
ensembl_B,ENSSSAG00000073342
ensembl_A,ENSSSAG00000064674
ensembl_B,ENSSSAG00000074054
ensembl_A,ENSSSAG00000055442
ensembl_B,ENSSSAG00000054267
ensembl_A,ENSSSAG00000085691
ensembl_B,ENSSSAG00000116284
ensembl_A,ENSSSAG00000100080
ensembl_B,ENSSSAG00000066133
ensembl_A,ENSSSAG00000048870
ensembl_B,ENSSSAG00000041466
ensembl_A,ENSSSAG00000054902
ensembl_B,ENSSSAG00000047884
ensembl_A,ENSSSAG00000119324
ensembl_B,ENSSSAG00000012488
ensembl_A,ENSSSAG00000045829
ensembl_B,ENSSSAG00000041893
ensembl_A,ENSSSAG00000005785
ensembl_B,ENSSSAG00000073118
ensembl_A,ENSSSAG00000066552
ensembl_B,ENSSSAG00000048397
ensembl_A,ENSSSAG00000046800
ensembl_B,ENSSSAG00000089088
ensembl_A,ENSSSAG00000002870
ensembl_B,ENSSSAG00000089855
ensembl_A,ENSSSAG00000111398
ensembl_B,ENSSSAG00000121441
ensembl_A,ENSSSAG00000081331
ensembl_B,ENSSSAG00000046323
ensembl_A,ENSSSAG00000076313
ensembl_B,ENSSSAG00000047923
ensembl_A,ENSSSAG00000103873
ensembl_B,ENSSSAG00000095191
ensembl_A,ENSSSAG00000076820
ensembl_B,ENSSSAG00000052401
ensembl_A,ENSSSAG00000013940
ensembl_B,ENSSSAG00000063869
ensembl_A,ENSSSAG00000003853
ensembl_B,ENSSSAG00000071431
ensembl_A,ENSSSAG00000027762
ensembl_B,ENSSSAG00000103557
ensembl_A,ENSSSAG00000072298
ensembl_B,ENSSSAG00000071477
ensembl_A,ENSSSAG00000063140
ensembl_B,ENSSSAG00000069220
ensembl_A,ENSSSAG00000055992
ensembl_B,ENSSSAG00000088630
ensembl_A,ENSSSAG00000054084
ensembl_B,ENSSSAG00000048641
ensembl_A,ENSSSAG00000042280
ensembl_B,ENSSSAG00000074375
ensembl_A,ENSSSAG00000093182
ensembl_B,ENSSSAG00000116274
ensembl_A,ENSSSAG00000001311
ensembl_B,ENSSSAG00000069168
ensembl_A,ENSSSAG00000107749
ensembl_B,ENSSSAG00000077465
ensembl_A,ENSSSAG00000002315
ensembl_B,ENSSSAG00000083480
ensembl_A,ENSSSAG00000106647
ensembl_B,ENSSSAG00000093511
ensembl_A,ENSSSAG00000064827
ensembl_B,ENSSSAG00000006321
ensembl_A,ENSSSAG00000004476
ensembl_B,ENSSSAG00000051864
ensembl_A,ENSSSAG00000004349
ensembl_B,ENSSSAG00000072734
ensembl_A,ENSSSAG00000075646
ensembl_B,ENSSSAG00000109131
ensembl_A,ENSSSAG00000001566
ensembl_B,ENSSSAG00000071203
ensembl_A,ENSSSAG00000069788
ensembl_B,ENSSSAG00000063431
ensembl_A,ENSSSAG00000074668
ensembl_B,ENSSSAG00000115834
ensembl_A,ENSSSAG00000082853
ensembl_B,ENSSSAG00000114513
ensembl_A,ENSSSAG00000074369
ensembl_B,ENSSSAG00000043630
ensembl_A,ENSSSAG00000040519
ensembl_B,ENSSSAG00000104260
ensembl_A,ENSSSAG00000010609
ensembl_B,ENSSSAG00000108830
ensembl_A,ENSSSAG00000006391
ensembl_B,ENSSSAG00000069403
ensembl_A,ENSSSAG00000002340
ensembl_B,ENSSSAG00000089482
ensembl_A,ENSSSAG00000101693
ensembl_B,ENSSSAG00000102910
ensembl_A,ENSSSAG00000001984
ensembl_B,ENSSSAG00000073344
ensembl_A,ENSSSAG00000063975
ensembl_B,ENSSSAG00000037239
ensembl_A,ENSSSAG00000048069
ensembl_B,ENSSSAG00000044494
ensembl_A,ENSSSAG00000003499
ensembl_B,ENSSSAG00000119308
ensembl_A,ENSSSAG00000054921
ensembl_A,ENSSSAG00000078852
ensembl_B,ENSSSAG00000072776
ensembl_A,ENSSSAG00000111735
ensembl_B,ENSSSAG00000009165
ensembl_A,ENSSSAG00000066736
ensembl_B,ENSSSAG00000044386
ensembl_A,ENSSSAG00000069932
ensembl_B,ENSSSAG00000044727
ensembl_A,ENSSSAG00000074996
ensembl_B,ENSSSAG00000043932
ensembl_A,ENSSSAG00000076230
ensembl_B,ENSSSAG00000096927
ensembl_A,ENSSSAG00000091674
ensembl_B,ENSSSAG00000010193
ensembl_A,ENSSSAG00000113557
ensembl_B,ENSSSAG00000006588
ensembl_A,ENSSSAG00000070225
ensembl_B,ENSSSAG00000007252
ensembl_A,ENSSSAG00000005920
ensembl_B,ENSSSAG00000112886
ensembl_A,ENSSSAG00000099468
ensembl_B,ENSSSAG00000046072
ensembl_A,ENSSSAG00000063615
ensembl_B,ENSSSAG00000078051
ensembl_A,ENSSSAG00000044192
ensembl_B,ENSSSAG00000105688
ensembl_A,ENSSSAG00000083043
ensembl_B,ENSSSAG00000007767
ensembl_A,ENSSSAG00000105888
ensembl_B,ENSSSAG00000066711
ensembl_A,ENSSSAG00000097788
ensembl_B,ENSSSAG00000080019
ensembl_A,ENSSSAG00000076885
ensembl_B,ENSSSAG00000080012
ensembl_A,ENSSSAG00000040562
ensembl_B,ENSSSAG00000086977
ensembl_A,ENSSSAG00000065732
ensembl_B,ENSSSAG00000078597
ensembl_A,ENSSSAG00000113482
ensembl_B,ENSSSAG00000054024
ensembl_A,ENSSSAG00000067886
ensembl_B,ENSSSAG00000006674
ensembl_A,ENSSSAG00000068972
ensembl_B,ENSSSAG00000056556
ensembl_A,ENSSSAG00000090540
ensembl_B,ENSSSAG00000040976
ensembl_A,ENSSSAG00000073315
ensembl_B,ENSSSAG00000079563
ensembl_A,ENSSSAG00000039375
ensembl_B,ENSSSAG00000081017
ensembl_A,ENSSSAG00000108226
ensembl_B,ENSSSAG00000007990
ensembl_A,ENSSSAG00000119412
ensembl_B,ENSSSAG00000051551
ensembl_A,ENSSSAG00000080325
ensembl_B,ENSSSAG00000073042
ensembl_A,ENSSSAG00000008685
ensembl_B,ENSSSAG00000116937
ensembl_A,ENSSSAG00000083694
ensembl_B,ENSSSAG00000108100
ensembl_A,ENSSSAG00000073748
ensembl_B,ENSSSAG00000077786
ensembl_A,ENSSSAG00000080008
ensembl_B,ENSSSAG00000108132
ensembl_A,ENSSSAG00000069204
ensembl_B,ENSSSAG00000115333
ensembl_A,ENSSSAG00000081658
ensembl_B,ENSSSAG00000066045
ensembl_A,ENSSSAG00000052229
ensembl_B,ENSSSAG00000110423
ensembl_A,ENSSSAG00000078869
ensembl_B,ENSSSAG00000077778
ensembl_A,ENSSSAG00000095424
ensembl_B,ENSSSAG00000007476
ensembl_A,ENSSSAG00000116160
ensembl_B,ENSSSAG00000058679
ensembl_A,ENSSSAG00000075153
ensembl_B,ENSSSAG00000059116
ensembl_A,ENSSSAG00000087400
ensembl_B,ENSSSAG00000017232
ensembl_A,ENSSSAG00000038552
ensembl_B,ENSSSAG00000119743
ensembl_A,ENSSSAG00000078540
ensembl_B,ENSSSAG00000069562
ensembl_A,ENSSSAG00000049259
ensembl_B,ENSSSAG00000118099
ensembl_A,ENSSSAG00000093882
ensembl_B,ENSSSAG00000059761
ensembl_A,ENSSSAG00000110575
ensembl_B,ENSSSAG00000068463
ensembl_A,ENSSSAG00000078086
ensembl_B,ENSSSAG00000096692
ensembl_A,ENSSSAG00000077691
ensembl_B,ENSSSAG00000081215
ensembl_A,ENSSSAG00000116632
ensembl_B,ENSSSAG00000086687
ensembl_A,ENSSSAG00000066271
ensembl_B,ENSSSAG00000078982
ensembl_A,ENSSSAG00000115270
ensembl_B,ENSSSAG00000120955
ensembl_A,ENSSSAG00000004752
ensembl_B,ENSSSAG00000074511
ensembl_A,ENSSSAG00000095820
ensembl_B,ENSSSAG00000077549
ensembl_A,ENSSSAG00000057067
ensembl_B,ENSSSAG00000106820
ensembl_A,ENSSSAG00000008639
ensembl_B,ENSSSAG00000078700
ensembl_A,ENSSSAG00000098279
ensembl_B,ENSSSAG00000078725
ensembl_A,ENSSSAG00000024837
ensembl_B,ENSSSAG00000080323
ensembl_A,ENSSSAG00000112620
ensembl_B,ENSSSAG00000051852
ensembl_A,ENSSSAG00000065372
ensembl_B,ENSSSAG00000052041
ensembl_A,ENSSSAG00000006809
ensembl_B,ENSSSAG00000055794
ensembl_A,ENSSSAG00000095155
ensembl_B,ENSSSAG00000066989
ensembl_A,ENSSSAG00000065470
ensembl_B,ENSSSAG00000074304
ensembl_A,ENSSSAG00000074912
ensembl_B,ENSSSAG00000072406
ensembl_A,ENSSSAG00000084437
ensembl_B,ENSSSAG00000071345
ensembl_A,ENSSSAG00000004426
ensembl_B,ENSSSAG00000098523
ensembl_A,ENSSSAG00000054939
ensembl_B,ENSSSAG00000053913
ensembl_A,ENSSSAG00000098197
ensembl_B,ENSSSAG00000120394
ensembl_A,ENSSSAG00000001065
ensembl_B,ENSSSAG00000072242
ensembl_A,ENSSSAG00000074172
ensembl_B,ENSSSAG00000100365
ensembl_A,ENSSSAG00000008188
ensembl_B,ENSSSAG00000040985
ensembl_A,ENSSSAG00000109959
ensembl_B,ENSSSAG00000041048
ensembl_A,ENSSSAG00000064182
ensembl_B,ENSSSAG00000109466
ensembl_A,ENSSSAG00000066297
ensembl_B,ENSSSAG00000010155
ensembl_A,ENSSSAG00000087185
ensembl_B,ENSSSAG00000078192
ensembl_A,ENSSSAG00000118635
ensembl_B,ENSSSAG00000101618
ensembl_A,ENSSSAG00000002622
ensembl_B,ENSSSAG00000003021
ensembl_A,ENSSSAG00000079931
ensembl_B,ENSSSAG00000115764
ensembl_A,ENSSSAG00000018923
ensembl_B,ENSSSAG00000000151
ensembl_A,ENSSSAG00000076506
ensembl_B,ENSSSAG00000065377
ensembl_A,ENSSSAG00000064319
ensembl_B,ENSSSAG00000117349
ensembl_A,ENSSSAG00000046599
ensembl_B,ENSSSAG00000067298
ensembl_A,ENSSSAG00000009555
ensembl_B,ENSSSAG00000121775
ensembl_A,ENSSSAG00000046550
ensembl_B,ENSSSAG00000079701
ensembl_A,ENSSSAG00000007518
ensembl_B,ENSSSAG00000080209
ensembl_B,ENSSSAG00000054893
ensembl_A,ENSSSAG00000039934
ensembl_B,ENSSSAG00000065517
ensembl_A,ENSSSAG00000015787
ensembl_B,ENSSSAG00000041540
ensembl_A,ENSSSAG00000041153
ensembl_B,ENSSSAG00000104204
ensembl_A,ENSSSAG00000002810
ensembl_B,ENSSSAG00000054554
ensembl_A,ENSSSAG00000017038
ensembl_B,ENSSSAG00000054898
ensembl_A,ENSSSAG00000074566
ensembl_A,ENSSSAG00000100619
ensembl_B,ENSSSAG00000103344
ensembl_A,ENSSSAG00000053569
ensembl_B,ENSSSAG00000114439
ensembl_A,ENSSSAG00000105316
ensembl_B,ENSSSAG00000085349
ensembl_A,ENSSSAG00000111433
ensembl_B,ENSSSAG00000070441
ensembl_A,ENSSSAG00000040203
ensembl_B,ENSSSAG00000120215
ensembl_A,ENSSSAG00000068653
ensembl_B,ENSSSAG00000010786
ensembl_A,ENSSSAG00000087757
ensembl_B,ENSSSAG00000051956
ensembl_A,ENSSSAG00000077845
ensembl_A,ENSSSAG00000106447
ensembl_B,ENSSSAG00000043589
ensembl_A,ENSSSAG00000065529
ensembl_B,ENSSSAG00000039816
ensembl_A,ENSSSAG00000004185
ensembl_B,ENSSSAG00000113721
ensembl_A,ENSSSAG00000073443
ensembl_B,ENSSSAG00000077634
ensembl_A,ENSSSAG00000015001
ensembl_B,ENSSSAG00000078040
ensembl_A,ENSSSAG00000075333
ensembl_B,ENSSSAG00000064538
ensembl_A,ENSSSAG00000106067
ensembl_B,ENSSSAG00000079460
ensembl_A,ENSSSAG00000122294
ensembl_B,ENSSSAG00000007604
ensembl_A,ENSSSAG00000117178
ensembl_B,ENSSSAG00000054556
ensembl_A,ENSSSAG00000007442
ensembl_B,ENSSSAG00000056237
ensembl_A,ENSSSAG00000074549
ensembl_B,ENSSSAG00000120982
ensembl_A,ENSSSAG00000065960
ensembl_B,ENSSSAG00000091206
ensembl_A,ENSSSAG00000073018
ensembl_B,ENSSSAG00000031908
ensembl_A,ENSSSAG00000078142
ensembl_B,ENSSSAG00000080573
ensembl_A,ENSSSAG00000004407
ensembl_B,ENSSSAG00000040607
ensembl_A,ENSSSAG00000033083
ensembl_B,ENSSSAG00000076100
ensembl_A,ENSSSAG00000071535
ensembl_B,ENSSSAG00000091038
ensembl_A,ENSSSAG00000051381
ensembl_B,ENSSSAG00000066332
ensembl_A,ENSSSAG00000074138
ensembl_B,ENSSSAG00000069153
ensembl_A,ENSSSAG00000075764
ensembl_B,ENSSSAG00000069251
ensembl_A,ENSSSAG00000072825
ensembl_B,ENSSSAG00000079036
ensembl_A,ENSSSAG00000108879
ensembl_B,ENSSSAG00000065136
ensembl_A,ENSSSAG00000087571
ensembl_B,ENSSSAG00000061774
ensembl_A,ENSSSAG00000039768
ensembl_B,ENSSSAG00000110208
ensembl_A,ENSSSAG00000004285
ensembl_B,ENSSSAG00000061065
ensembl_A,ENSSSAG00000075658
ensembl_B,ENSSSAG00000059640
ensembl_A,ENSSSAG00000054528
ensembl_B,ENSSSAG00000059163
ensembl_A,ENSSSAG00000045905
ensembl_B,ENSSSAG00000056848
ensembl_A,ENSSSAG00000096125
ensembl_B,ENSSSAG00000106489
ensembl_A,ENSSSAG00000067896
ensembl_A,ENSSSAG00000064373
ensembl_B,ENSSSAG00000074616
ensembl_A,ENSSSAG00000113868
ensembl_B,ENSSSAG00000049756
ensembl_A,ENSSSAG00000072655
ensembl_B,ENSSSAG00000052226
ensembl_A,ENSSSAG00000075700
ensembl_B,ENSSSAG00000006495
ensembl_A,ENSSSAG00000075549
ensembl_B,ENSSSAG00000105314
ensembl_A,ENSSSAG00000048602
ensembl_B,ENSSSAG00000113661
ensembl_A,ENSSSAG00000115928
ensembl_A,ENSSSAG00000070523
ensembl_B,ENSSSAG00000058535
ensembl_A,ENSSSAG00000071942
ensembl_B,ENSSSAG00000057029
ensembl_A,ENSSSAG00000077896
ensembl_B,ENSSSAG00000087751
ensembl_A,ENSSSAG00000107989
ensembl_B,ENSSSAG00000077515
ensembl_A,ENSSSAG00000076901
ensembl_B,ENSSSAG00000109246
ensembl_A,ENSSSAG00000003723
ensembl_B,ENSSSAG00000050830
ensembl_A,ENSSSAG00000121684
ensembl_B,ENSSSAG00000019881
ensembl_A,ENSSSAG00000096808
ensembl_B,ENSSSAG00000018443
ensembl_A,ENSSSAG00000075905
ensembl_B,ENSSSAG00000076385
ensembl_A,ENSSSAG00000113605
ensembl_B,ENSSSAG00000049695
ensembl_A,ENSSSAG00000082055
ensembl_B,ENSSSAG00000054282
ensembl_A,ENSSSAG00000011692
ensembl_B,ENSSSAG00000111051
ensembl_A,ENSSSAG00000038205
ensembl_B,ENSSSAG00000006805
ensembl_A,ENSSSAG00000008284
ensembl_B,ENSSSAG00000075738
ensembl_A,ENSSSAG00000092783
ensembl_B,ENSSSAG00000075399
ensembl_A,ENSSSAG00000072074
ensembl_B,ENSSSAG00000042332
ensembl_A,ENSSSAG00000046960
ensembl_B,ENSSSAG00000074529
ensembl_A,ENSSSAG00000016878
ensembl_B,ENSSSAG00000098312
ensembl_A,ENSSSAG00000076504
ensembl_B,ENSSSAG00000074256
ensembl_A,ENSSSAG00000083297
ensembl_B,ENSSSAG00000006182
ensembl_A,ENSSSAG00000066151
ensembl_B,ENSSSAG00000080130
ensembl_A,ENSSSAG00000085342
ensembl_B,ENSSSAG00000081775
ensembl_A,ENSSSAG00000000827
ensembl_B,ENSSSAG00000071656
ensembl_A,ENSSSAG00000070854
ensembl_B,ENSSSAG00000088229
ensembl_A,ENSSSAG00000104526
ensembl_B,ENSSSAG00000052042
ensembl_A,ENSSSAG00000081463
ensembl_B,ENSSSAG00000045625
ensembl_A,ENSSSAG00000066224
ensembl_B,ENSSSAG00000082482
ensembl_A,ENSSSAG00000002995
ensembl_B,ENSSSAG00000099372
ensembl_A,ENSSSAG00000119609
ensembl_B,ENSSSAG00000078817
ensembl_A,ENSSSAG00000015729
ensembl_B,ENSSSAG00000072428
ensembl_A,ENSSSAG00000091439
ensembl_B,ENSSSAG00000062839
ensembl_A,ENSSSAG00000037346
ensembl_B,ENSSSAG00000058553
ensembl_A,ENSSSAG00000096594
ensembl_B,ENSSSAG00000081888
ensembl_A,ENSSSAG00000005120
ensembl_B,ENSSSAG00000074591
ensembl_A,ENSSSAG00000042352
ensembl_B,ENSSSAG00000074579
ensembl_A,ENSSSAG00000008503
ensembl_B,ENSSSAG00000094148
ensembl_A,ENSSSAG00000051846
ensembl_B,ENSSSAG00000107131
ensembl_A,ENSSSAG00000065133
ensembl_B,ENSSSAG00000045429
ensembl_A,ENSSSAG00000110482
ensembl_B,ENSSSAG00000069891
ensembl_A,ENSSSAG00000078153
ensembl_B,ENSSSAG00000072073
ensembl_A,ENSSSAG00000101993
ensembl_B,ENSSSAG00000052749
ensembl_A,ENSSSAG00000102946
ensembl_B,ENSSSAG00000076030
ensembl_A,ENSSSAG00000121603
ensembl_B,ENSSSAG00000072149
ensembl_A,ENSSSAG00000064467
ensembl_B,ENSSSAG00000076960
ensembl_A,ENSSSAG00000082859
ensembl_B,ENSSSAG00000053696
ensembl_A,ENSSSAG00000055522
ensembl_B,ENSSSAG00000068747
ensembl_A,ENSSSAG00000078141
ensembl_B,ENSSSAG00000065617
ensembl_A,ENSSSAG00000063188
ensembl_B,ENSSSAG00000077681
ensembl_A,ENSSSAG00000065655
ensembl_B,ENSSSAG00000072676
ensembl_A,ENSSSAG00000108471
ensembl_B,ENSSSAG00000054736
ensembl_A,ENSSSAG00000118105
ensembl_B,ENSSSAG00000098616
ensembl_A,ENSSSAG00000075402
ensembl_B,ENSSSAG00000100698
ensembl_A,ENSSSAG00000008499
ensembl_B,ENSSSAG00000066596
ensembl_A,ENSSSAG00000069293
ensembl_B,ENSSSAG00000006217
ensembl_A,ENSSSAG00000069796
ensembl_B,ENSSSAG00000070064
ensembl_A,ENSSSAG00000078313
ensembl_B,ENSSSAG00000064361
ensembl_A,ENSSSAG00000046408
ensembl_B,ENSSSAG00000064744
ensembl_A,ENSSSAG00000083080
ensembl_B,ENSSSAG00000065079
ensembl_A,ENSSSAG00000111884
ensembl_B,ENSSSAG00000067690
ensembl_A,ENSSSAG00000041855
ensembl_B,ENSSSAG00000115589
ensembl_A,ENSSSAG00000056912
ensembl_B,ENSSSAG00000103276
ensembl_A,ENSSSAG00000066129
ensembl_B,ENSSSAG00000069126
ensembl_A,ENSSSAG00000067502
ensembl_B,ENSSSAG00000080830
ensembl_A,ENSSSAG00000057234
ensembl_B,ENSSSAG00000081445
ensembl_A,ENSSSAG00000072170
ensembl_B,ENSSSAG00000051568
ensembl_A,ENSSSAG00000054753
ensembl_B,ENSSSAG00000059628
ensembl_A,ENSSSAG00000015445
ensembl_B,ENSSSAG00000042565
ensembl_A,ENSSSAG00000001340
ensembl_B,ENSSSAG00000043154
ensembl_A,ENSSSAG00000079060
ensembl_B,ENSSSAG00000048250
ensembl_A,ENSSSAG00000076977
ensembl_B,ENSSSAG00000056451
ensembl_A,ENSSSAG00000075021
ensembl_B,ENSSSAG00000105234
ensembl_A,ENSSSAG00000045868
ensembl_B,ENSSSAG00000117020
ensembl_A,ENSSSAG00000004766
ensembl_B,ENSSSAG00000063499
ensembl_A,ENSSSAG00000008099
ensembl_B,ENSSSAG00000068476
ensembl_A,ENSSSAG00000006662
ensembl_B,ENSSSAG00000067990
ensembl_A,ENSSSAG00000053652
ensembl_B,ENSSSAG00000068100
ensembl_B,ENSSSAG00000073039
ensembl_A,ENSSSAG00000075541
ensembl_B,ENSSSAG00000073023
ensembl_A,ENSSSAG00000074634
ensembl_B,ENSSSAG00000068096
ensembl_A,ENSSSAG00000008283
ensembl_B,ENSSSAG00000103937
ensembl_A,ENSSSAG00000008372
ensembl_B,ENSSSAG00000094760
ensembl_A,ENSSSAG00000071876
ensembl_B,ENSSSAG00000066837
ensembl_A,ENSSSAG00000104737
ensembl_B,ENSSSAG00000068118
ensembl_A,ENSSSAG00000006311
ensembl_B,ENSSSAG00000057316
ensembl_A,ENSSSAG00000002459
ensembl_B,ENSSSAG00000053327
ensembl_A,ENSSSAG00000105794
ensembl_B,ENSSSAG00000082070
ensembl_A,ENSSSAG00000074546
ensembl_B,ENSSSAG00000066689
ensembl_A,ENSSSAG00000116081
ensembl_B,ENSSSAG00000067456
ensembl_A,ENSSSAG00000004585
ensembl_B,ENSSSAG00000074153
ensembl_A,ENSSSAG00000052997
ensembl_B,ENSSSAG00000108666
ensembl_A,ENSSSAG00000105357
ensembl_B,ENSSSAG00000102520
ensembl_A,ENSSSAG00000111352
ensembl_A,ENSSSAG00000007683
ensembl_B,ENSSSAG00000051579
ensembl_A,ENSSSAG00000052321
ensembl_B,ENSSSAG00000064199
ensembl_A,ENSSSAG00000073723
ensembl_B,ENSSSAG00000067909
ensembl_A,ENSSSAG00000061084
ensembl_B,ENSSSAG00000068751
ensembl_A,ENSSSAG00000049154
ensembl_B,ENSSSAG00000081659
ensembl_A,ENSSSAG00000086720
ensembl_B,ENSSSAG00000118282
ensembl_A,ENSSSAG00000101357
ensembl_B,ENSSSAG00000075805
ensembl_A,ENSSSAG00000045457
ensembl_B,ENSSSAG00000051104
ensembl_A,ENSSSAG00000084203
ensembl_B,ENSSSAG00000081274
ensembl_A,ENSSSAG00000008505
ensembl_B,ENSSSAG00000092388
ensembl_A,ENSSSAG00000076066
ensembl_B,ENSSSAG00000117779
ensembl_A,ENSSSAG00000003060
ensembl_B,ENSSSAG00000111295
ensembl_A,ENSSSAG00000077571
ensembl_B,ENSSSAG00000070650
ensembl_A,ENSSSAG00000001355
ensembl_B,ENSSSAG00000015609
ensembl_A,ENSSSAG00000117516
ensembl_B,ENSSSAG00000114178
ensembl_A,ENSSSAG00000069538
ensembl_B,ENSSSAG00000015525
ensembl_A,ENSSSAG00000099292
ensembl_B,ENSSSAG00000097483
ensembl_A,ENSSSAG00000077573
ensembl_B,ENSSSAG00000077663
ensembl_A,ENSSSAG00000061384
ensembl_B,ENSSSAG00000077252
ensembl_A,ENSSSAG00000040154
ensembl_B,ENSSSAG00000113032
ensembl_A,ENSSSAG00000042207
ensembl_B,ENSSSAG00000085447
ensembl_A,ENSSSAG00000109460
ensembl_B,ENSSSAG00000070117
ensembl_A,ENSSSAG00000085645
ensembl_B,ENSSSAG00000117657
ensembl_A,ENSSSAG00000055228
ensembl_B,ENSSSAG00000114003
ensembl_A,ENSSSAG00000003308
ensembl_B,ENSSSAG00000051743
ensembl_A,ENSSSAG00000043377
ensembl_B,ENSSSAG00000051953
ensembl_A,ENSSSAG00000005463
ensembl_B,ENSSSAG00000081291
ensembl_A,ENSSSAG00000114861
ensembl_B,ENSSSAG00000108030
ensembl_A,ENSSSAG00000083993
ensembl_B,ENSSSAG00000063664
ensembl_A,ENSSSAG00000068601
ensembl_B,ENSSSAG00000052937
ensembl_A,ENSSSAG00000073205
ensembl_B,ENSSSAG00000052723
ensembl_A,ENSSSAG00000097439
ensembl_B,ENSSSAG00000086360
ensembl_A,ENSSSAG00000113183
ensembl_B,ENSSSAG00000001849
ensembl_A,ENSSSAG00000005541
ensembl_B,ENSSSAG00000042364
ensembl_A,ENSSSAG00000080831
ensembl_B,ENSSSAG00000042305
ensembl_A,ENSSSAG00000055619
ensembl_B,ENSSSAG00000036755
ensembl_A,ENSSSAG00000019169
ensembl_B,ENSSSAG00000110305
ensembl_A,ENSSSAG00000019460
ensembl_B,ENSSSAG00000086903
ensembl_A,ENSSSAG00000009466
ensembl_B,ENSSSAG00000114786
ensembl_A,ENSSSAG00000067498
ensembl_B,ENSSSAG00000079472
ensembl_A,ENSSSAG00000094654
ensembl_B,ENSSSAG00000053631
ensembl_B,ENSSSAG00000108544
ensembl_A,ENSSSAG00000077212
ensembl_B,ENSSSAG00000067581
ensembl_A,ENSSSAG00000078860
ensembl_B,ENSSSAG00000108449
ensembl_A,ENSSSAG00000002463
ensembl_B,ENSSSAG00000072682
ensembl_A,ENSSSAG00000080749
ensembl_B,ENSSSAG00000072164
ensembl_A,ENSSSAG00000067988
ensembl_B,ENSSSAG00000073387
ensembl_A,ENSSSAG00000081733
ensembl_B,ENSSSAG00000074925
ensembl_A,ENSSSAG00000009104
ensembl_B,ENSSSAG00000076971
ensembl_A,ENSSSAG00000072341
ensembl_B,ENSSSAG00000008683
ensembl_A,ENSSSAG00000104669
ensembl_B,ENSSSAG00000074813
ensembl_B,ENSSSAG00000072324
ensembl_A,ENSSSAG00000050674
ensembl_B,ENSSSAG00000053522
ensembl_A,ENSSSAG00000113896
ensembl_B,ENSSSAG00000075456
ensembl_A,ENSSSAG00000078129
ensembl_A,ENSSSAG00000092923
ensembl_B,ENSSSAG00000079522
ensembl_A,ENSSSAG00000045215
ensembl_B,ENSSSAG00000119602
ensembl_A,ENSSSAG00000079879
ensembl_B,ENSSSAG00000009085
ensembl_A,ENSSSAG00000062230
ensembl_B,ENSSSAG00000103073
ensembl_A,ENSSSAG00000092063
ensembl_B,ENSSSAG00000039730
ensembl_A,ENSSSAG00000051778
ensembl_B,ENSSSAG00000010206
ensembl_A,ENSSSAG00000077295
ensembl_B,ENSSSAG00000106801
ensembl_A,ENSSSAG00000078361
ensembl_B,ENSSSAG00000068385
ensembl_A,ENSSSAG00000076406
ensembl_B,ENSSSAG00000098502
ensembl_A,ENSSSAG00000054483
ensembl_B,ENSSSAG00000091823
ensembl_A,ENSSSAG00000003176
ensembl_B,ENSSSAG00000058175
ensembl_A,ENSSSAG00000001995
ensembl_B,ENSSSAG00000068393
ensembl_A,ENSSSAG00000049387
ensembl_B,ENSSSAG00000070692
ensembl_A,ENSSSAG00000039991
ensembl_B,ENSSSAG00000041164
ensembl_A,ENSSSAG00000075090
ensembl_B,ENSSSAG00000041180
ensembl_A,ENSSSAG00000048597
ensembl_B,ENSSSAG00000049477
ensembl_A,ENSSSAG00000040538
ensembl_B,ENSSSAG00000086393
ensembl_A,ENSSSAG00000007437
ensembl_B,ENSSSAG00000064858
ensembl_A,ENSSSAG00000071894
ensembl_B,ENSSSAG00000055179
ensembl_A,ENSSSAG00000005797
ensembl_B,ENSSSAG00000073473
ensembl_A,ENSSSAG00000079032
ensembl_B,ENSSSAG00000082225
ensembl_A,ENSSSAG00000056275
ensembl_B,ENSSSAG00000068143
ensembl_A,ENSSSAG00000067812
ensembl_B,ENSSSAG00000081960
ensembl_A,ENSSSAG00000078291
ensembl_B,ENSSSAG00000016047
ensembl_A,ENSSSAG00000078007
ensembl_B,ENSSSAG00000099327
ensembl_A,ENSSSAG00000044413
ensembl_B,ENSSSAG00000089292
ensembl_A,ENSSSAG00000103143
ensembl_B,ENSSSAG00000071333
ensembl_A,ENSSSAG00000051663
ensembl_B,ENSSSAG00000073293
ensembl_A,ENSSSAG00000076158
ensembl_B,ENSSSAG00000047274
ensembl_A,ENSSSAG00000077567
ensembl_B,ENSSSAG00000048450
ensembl_A,ENSSSAG00000006189
ensembl_B,ENSSSAG00000074886
ensembl_A,ENSSSAG00000103879
ensembl_B,ENSSSAG00000096938
ensembl_A,ENSSSAG00000074163
ensembl_B,ENSSSAG00000093984
ensembl_A,ENSSSAG00000085895
ensembl_B,ENSSSAG00000071279
ensembl_A,ENSSSAG00000096547
ensembl_B,ENSSSAG00000013522
ensembl_A,ENSSSAG00000064093
ensembl_B,ENSSSAG00000081376
ensembl_A,ENSSSAG00000042654
ensembl_B,ENSSSAG00000085309
ensembl_A,ENSSSAG00000103213
ensembl_B,ENSSSAG00000093836
ensembl_A,ENSSSAG00000090963
ensembl_B,ENSSSAG00000105336
ensembl_A,ENSSSAG00000067755
ensembl_B,ENSSSAG00000066840
ensembl_A,ENSSSAG00000056753
ensembl_B,ENSSSAG00000105376
ensembl_A,ENSSSAG00000082595
ensembl_B,ENSSSAG00000075006
ensembl_A,ENSSSAG00000046679
ensembl_B,ENSSSAG00000015509
ensembl_B,ENSSSAG00000113304
ensembl_A,ENSSSAG00000059711
ensembl_B,ENSSSAG00000072540
ensembl_A,ENSSSAG00000071666
ensembl_B,ENSSSAG00000075113
ensembl_A,ENSSSAG00000007069
ensembl_B,ENSSSAG00000075863
ensembl_A,ENSSSAG00000006615
ensembl_B,ENSSSAG00000069736
ensembl_A,ENSSSAG00000005613
ensembl_B,ENSSSAG00000095683
ensembl_A,ENSSSAG00000080915
ensembl_B,ENSSSAG00000067546
ensembl_A,ENSSSAG00000072731
ensembl_B,ENSSSAG00000071267
ensembl_A,ENSSSAG00000067917
ensembl_B,ENSSSAG00000069764
ensembl_A,ENSSSAG00000118986
ensembl_B,ENSSSAG00000069280
ensembl_A,ENSSSAG00000007316
ensembl_B,ENSSSAG00000053611
ensembl_A,ENSSSAG00000044180
ensembl_B,ENSSSAG00000081387
ensembl_A,ENSSSAG00000075872
ensembl_B,ENSSSAG00000096094
ensembl_A,ENSSSAG00000081232
ensembl_B,ENSSSAG00000052792
ensembl_A,ENSSSAG00000097259
ensembl_B,ENSSSAG00000084920
ensembl_A,ENSSSAG00000107828
ensembl_B,ENSSSAG00000072995
ensembl_A,ENSSSAG00000076344
ensembl_A,ENSSSAG00000066734
ensembl_B,ENSSSAG00000086715
ensembl_A,ENSSSAG00000004275
ensembl_B,ENSSSAG00000076207
ensembl_A,ENSSSAG00000040333
ensembl_B,ENSSSAG00000071249
ensembl_A,ENSSSAG00000062430
ensembl_B,ENSSSAG00000120524
ensembl_A,ENSSSAG00000018552
ensembl_B,ENSSSAG00000075770
ensembl_A,ENSSSAG00000081033
ensembl_B,ENSSSAG00000068296
ensembl_A,ENSSSAG00000081502
ensembl_B,ENSSSAG00000064901
ensembl_A,ENSSSAG00000044993
ensembl_B,ENSSSAG00000042489
ensembl_A,ENSSSAG00000072079
ensembl_B,ENSSSAG00000093784
ensembl_A,ENSSSAG00000002760
ensembl_B,ENSSSAG00000081068
ensembl_A,ENSSSAG00000070735
ensembl_B,ENSSSAG00000081481
ensembl_A,ENSSSAG00000080164
ensembl_B,ENSSSAG00000063863
ensembl_A,ENSSSAG00000053693
ensembl_B,ENSSSAG00000072448
ensembl_A,ENSSSAG00000056075
ensembl_B,ENSSSAG00000119541
ensembl_A,ENSSSAG00000052003
ensembl_B,ENSSSAG00000054903
ensembl_A,ENSSSAG00000073623
ensembl_B,ENSSSAG00000078899
ensembl_A,ENSSSAG00000076196
ensembl_B,ENSSSAG00000100502
ensembl_A,ENSSSAG00000053550
ensembl_B,ENSSSAG00000075973
ensembl_A,ENSSSAG00000069037
ensembl_B,ENSSSAG00000081257
ensembl_A,ENSSSAG00000039513
ensembl_B,ENSSSAG00000046434
ensembl_A,ENSSSAG00000046988
ensembl_B,ENSSSAG00000058573
ensembl_A,ENSSSAG00000044844
ensembl_B,ENSSSAG00000097466
ensembl_A,ENSSSAG00000066193
ensembl_B,ENSSSAG00000107295
ensembl_A,ENSSSAG00000003084
ensembl_B,ENSSSAG00000082958
ensembl_A,ENSSSAG00000055264
ensembl_B,ENSSSAG00000071814
ensembl_A,ENSSSAG00000076252
ensembl_B,ENSSSAG00000101310
ensembl_A,ENSSSAG00000092099
ensembl_B,ENSSSAG00000064627
ensembl_A,ENSSSAG00000101780
ensembl_B,ENSSSAG00000079872
ensembl_A,ENSSSAG00000067273
ensembl_B,ENSSSAG00000080110
ensembl_A,ENSSSAG00000100914
ensembl_B,ENSSSAG00000053679
ensembl_A,ENSSSAG00000003819
ensembl_B,ENSSSAG00000054838
ensembl_A,ENSSSAG00000063992
ensembl_B,ENSSSAG00000118945
ensembl_A,ENSSSAG00000056357
ensembl_B,ENSSSAG00000048644
ensembl_A,ENSSSAG00000072459
ensembl_B,ENSSSAG00000115822
ensembl_A,ENSSSAG00000040388
ensembl_B,ENSSSAG00000068458
ensembl_A,ENSSSAG00000076796
ensembl_B,ENSSSAG00000068217
ensembl_A,ENSSSAG00000077287
ensembl_B,ENSSSAG00000067304
ensembl_A,ENSSSAG00000120375
ensembl_B,ENSSSAG00000067240
ensembl_A,ENSSSAG00000108320
ensembl_B,ENSSSAG00000005202
ensembl_A,ENSSSAG00000067929
ensembl_B,ENSSSAG00000044770
ensembl_B,ENSSSAG00000049945
ensembl_A,ENSSSAG00000041440
ensembl_B,ENSSSAG00000052242
ensembl_A,ENSSSAG00000071547
ensembl_B,ENSSSAG00000009430
ensembl_A,ENSSSAG00000057249
ensembl_B,ENSSSAG00000098274
ensembl_A,ENSSSAG00000015792
ensembl_B,ENSSSAG00000073676
ensembl_A,ENSSSAG00000051542
ensembl_B,ENSSSAG00000053180
ensembl_A,ENSSSAG00000086843
ensembl_B,ENSSSAG00000073059
ensembl_A,ENSSSAG00000111353
ensembl_B,ENSSSAG00000073998
ensembl_A,ENSSSAG00000069612
ensembl_B,ENSSSAG00000103946
ensembl_A,ENSSSAG00000007141
ensembl_B,ENSSSAG00000053530
ensembl_A,ENSSSAG00000107707
ensembl_B,ENSSSAG00000088441
ensembl_A,ENSSSAG00000079423
ensembl_B,ENSSSAG00000066856
ensembl_A,ENSSSAG00000108314
ensembl_B,ENSSSAG00000085345
ensembl_A,ENSSSAG00000048049
ensembl_B,ENSSSAG00000096802
ensembl_A,ENSSSAG00000073466
ensembl_B,ENSSSAG00000086217
ensembl_A,ENSSSAG00000110412
ensembl_B,ENSSSAG00000081412
ensembl_A,ENSSSAG00000110728
ensembl_B,ENSSSAG00000081394
ensembl_A,ENSSSAG00000000258
ensembl_B,ENSSSAG00000060308
ensembl_A,ENSSSAG00000104269
ensembl_B,ENSSSAG00000100178
ensembl_A,ENSSSAG00000100370
ensembl_B,ENSSSAG00000083760
ensembl_A,ENSSSAG00000058447
ensembl_B,ENSSSAG00000075910
ensembl_A,ENSSSAG00000079159
ensembl_B,ENSSSAG00000076000
ensembl_A,ENSSSAG00000066038
ensembl_B,ENSSSAG00000087496
ensembl_A,ENSSSAG00000065680
ensembl_B,ENSSSAG00000085669
ensembl_A,ENSSSAG00000000593
ensembl_B,ENSSSAG00000048006
ensembl_A,ENSSSAG00000055362
ensembl_B,ENSSSAG00000043940
ensembl_A,ENSSSAG00000054795
ensembl_B,ENSSSAG00000047184
ensembl_A,ENSSSAG00000088324
ensembl_B,ENSSSAG00000045875
ensembl_A,ENSSSAG00000113358
ensembl_B,ENSSSAG00000054342
ensembl_A,ENSSSAG00000048431
ensembl_B,ENSSSAG00000055973
ensembl_A,ENSSSAG00000072806
ensembl_B,ENSSSAG00000099638
ensembl_A,ENSSSAG00000074189
ensembl_B,ENSSSAG00000121763
ensembl_A,ENSSSAG00000044143
ensembl_B,ENSSSAG00000078480
ensembl_A,ENSSSAG00000052932
ensembl_B,ENSSSAG00000080992
ensembl_A,ENSSSAG00000072862
ensembl_A,ENSSSAG00000010698
ensembl_B,ENSSSAG00000096305
ensembl_A,ENSSSAG00000093242
ensembl_B,ENSSSAG00000090026
ensembl_A,ENSSSAG00000094428
ensembl_B,ENSSSAG00000084331
ensembl_A,ENSSSAG00000046786
ensembl_B,ENSSSAG00000054721
ensembl_A,ENSSSAG00000085288
ensembl_B,ENSSSAG00000077390
ensembl_A,ENSSSAG00000008582
ensembl_B,ENSSSAG00000112565
ensembl_A,ENSSSAG00000000156
ensembl_B,ENSSSAG00000109696
ensembl_A,ENSSSAG00000051782
ensembl_B,ENSSSAG00000010139
ensembl_A,ENSSSAG00000086592
ensembl_B,ENSSSAG00000000557
ensembl_A,ENSSSAG00000119892
ensembl_B,ENSSSAG00000110017
ensembl_A,ENSSSAG00000096592
ensembl_B,ENSSSAG00000019439
ensembl_A,ENSSSAG00000114198
ensembl_B,ENSSSAG00000083055
ensembl_A,ENSSSAG00000010432
ensembl_B,ENSSSAG00000078303
ensembl_A,ENSSSAG00000110320
ensembl_B,ENSSSAG00000048659
ensembl_A,ENSSSAG00000118532
ensembl_B,ENSSSAG00000089264
ensembl_A,ENSSSAG00000007847
ensembl_B,ENSSSAG00000030357
ensembl_A,ENSSSAG00000119938
ensembl_B,ENSSSAG00000065568
ensembl_A,ENSSSAG00000069073
ensembl_B,ENSSSAG00000065020
ensembl_A,ENSSSAG00000093671
ensembl_B,ENSSSAG00000065622
ensembl_A,ENSSSAG00000055693
ensembl_B,ENSSSAG00000065705
ensembl_A,ENSSSAG00000078487
ensembl_B,ENSSSAG00000104853
ensembl_A,ENSSSAG00000003879
ensembl_B,ENSSSAG00000065979
ensembl_A,ENSSSAG00000064883
ensembl_B,ENSSSAG00000095437
ensembl_A,ENSSSAG00000041866
ensembl_B,ENSSSAG00000066463
ensembl_A,ENSSSAG00000002414
ensembl_B,ENSSSAG00000066852
ensembl_A,ENSSSAG00000043505
ensembl_B,ENSSSAG00000096654
ensembl_A,ENSSSAG00000044195
ensembl_B,ENSSSAG00000085163
ensembl_A,ENSSSAG00000070113
ensembl_B,ENSSSAG00000008952
ensembl_A,ENSSSAG00000081355
ensembl_B,ENSSSAG00000077998
ensembl_A,ENSSSAG00000096626
ensembl_B,ENSSSAG00000008868
ensembl_A,ENSSSAG00000052811
ensembl_B,ENSSSAG00000087495
ensembl_A,ENSSSAG00000069973
ensembl_B,ENSSSAG00000121955
ensembl_A,ENSSSAG00000076363
ensembl_B,ENSSSAG00000121037
ensembl_A,ENSSSAG00000080981
ensembl_B,ENSSSAG00000088503
ensembl_A,ENSSSAG00000071667
ensembl_B,ENSSSAG00000078507
ensembl_A,ENSSSAG00000073498
ensembl_B,ENSSSAG00000079637
ensembl_A,ENSSSAG00000065243
ensembl_B,ENSSSAG00000048636
ensembl_A,ENSSSAG00000103919
ensembl_B,ENSSSAG00000072311
ensembl_A,ENSSSAG00000050092
ensembl_B,ENSSSAG00000073661
ensembl_A,ENSSSAG00000078433
ensembl_B,ENSSSAG00000073653
ensembl_A,ENSSSAG00000070671
ensembl_B,ENSSSAG00000001058
ensembl_A,ENSSSAG00000084562
ensembl_B,ENSSSAG00000057485
ensembl_A,ENSSSAG00000054999
ensembl_B,ENSSSAG00000088434
ensembl_A,ENSSSAG00000068379
ensembl_B,ENSSSAG00000075660
ensembl_A,ENSSSAG00000055276
ensembl_B,ENSSSAG00000120095
ensembl_A,ENSSSAG00000098720
ensembl_B,ENSSSAG00000057661
ensembl_A,ENSSSAG00000071732
ensembl_B,ENSSSAG00000081939
ensembl_A,ENSSSAG00000007160
ensembl_B,ENSSSAG00000078574
ensembl_A,ENSSSAG00000054245
ensembl_B,ENSSSAG00000089595
ensembl_A,ENSSSAG00000076931
ensembl_B,ENSSSAG00000084206
ensembl_A,ENSSSAG00000099951
ensembl_B,ENSSSAG00000039442
ensembl_A,ENSSSAG00000009841
ensembl_B,ENSSSAG00000069282
ensembl_A,ENSSSAG00000046050
ensembl_B,ENSSSAG00000070996
ensembl_A,ENSSSAG00000049638
ensembl_B,ENSSSAG00000073552
ensembl_A,ENSSSAG00000004321
ensembl_B,ENSSSAG00000070169
ensembl_A,ENSSSAG00000091334
ensembl_B,ENSSSAG00000071831
ensembl_A,ENSSSAG00000108446
ensembl_B,ENSSSAG00000071836
ensembl_A,ENSSSAG00000121122
ensembl_B,ENSSSAG00000071845
ensembl_A,ENSSSAG00000055799
ensembl_B,ENSSSAG00000109415
ensembl_A,ENSSSAG00000058717
ensembl_B,ENSSSAG00000080625
ensembl_A,ENSSSAG00000004406
ensembl_B,ENSSSAG00000077145
ensembl_A,ENSSSAG00000009294
ensembl_B,ENSSSAG00000063216
ensembl_A,ENSSSAG00000054088
ensembl_B,ENSSSAG00000085950
ensembl_A,ENSSSAG00000069141
ensembl_B,ENSSSAG00000056526
ensembl_A,ENSSSAG00000080820
ensembl_B,ENSSSAG00000077013
ensembl_A,ENSSSAG00000068625
ensembl_B,ENSSSAG00000105367
ensembl_A,ENSSSAG00000045689
ensembl_B,ENSSSAG00000062573
ensembl_A,ENSSSAG00000076800
ensembl_B,ENSSSAG00000009320
ensembl_A,ENSSSAG00000096767
ensembl_B,ENSSSAG00000095934
ensembl_A,ENSSSAG00000113997
ensembl_B,ENSSSAG00000005336
ensembl_A,ENSSSAG00000077999
ensembl_B,ENSSSAG00000039569
ensembl_A,ENSSSAG00000007418
ensembl_B,ENSSSAG00000009690
ensembl_A,ENSSSAG00000074667
ensembl_B,ENSSSAG00000088643
ensembl_A,ENSSSAG00000094011
ensembl_B,ENSSSAG00000005749
ensembl_A,ENSSSAG00000105630
ensembl_B,ENSSSAG00000090505
ensembl_A,ENSSSAG00000099340
ensembl_B,ENSSSAG00000007758
ensembl_A,ENSSSAG00000075277
ensembl_B,ENSSSAG00000015487
ensembl_A,ENSSSAG00000045702
ensembl_B,ENSSSAG00000000949
ensembl_A,ENSSSAG00000076119
ensembl_B,ENSSSAG00000000902
ensembl_A,ENSSSAG00000004872
ensembl_B,ENSSSAG00000110590
ensembl_A,ENSSSAG00000006786
ensembl_B,ENSSSAG00000001665
ensembl_A,ENSSSAG00000042541
ensembl_B,ENSSSAG00000001707
ensembl_A,ENSSSAG00000054722
ensembl_B,ENSSSAG00000008093
ensembl_A,ENSSSAG00000006514
ensembl_B,ENSSSAG00000093417
ensembl_A,ENSSSAG00000063841
ensembl_B,ENSSSAG00000002087
ensembl_A,ENSSSAG00000105626
ensembl_B,ENSSSAG00000055161
ensembl_A,ENSSSAG00000081252
ensembl_B,ENSSSAG00000048519
ensembl_A,ENSSSAG00000047411
ensembl_B,ENSSSAG00000043262
ensembl_A,ENSSSAG00000000854
ensembl_B,ENSSSAG00000009307
ensembl_A,ENSSSAG00000071910
ensembl_B,ENSSSAG00000067955
ensembl_A,ENSSSAG00000001126
ensembl_B,ENSSSAG00000094463
ensembl_B,ENSSSAG00000079944
ensembl_A,ENSSSAG00000099997
ensembl_B,ENSSSAG00000081753
ensembl_A,ENSSSAG00000068053
ensembl_B,ENSSSAG00000017188
ensembl_A,ENSSSAG00000007588
ensembl_B,ENSSSAG00000002750
ensembl_A,ENSSSAG00000064548
ensembl_B,ENSSSAG00000122078
ensembl_A,ENSSSAG00000103861
ensembl_B,ENSSSAG00000070894
ensembl_A,ENSSSAG00000042464
ensembl_B,ENSSSAG00000000345
ensembl_A,ENSSSAG00000078621
ensembl_B,ENSSSAG00000001544
ensembl_A,ENSSSAG00000067677
ensembl_B,ENSSSAG00000085058
ensembl_A,ENSSSAG00000075195
ensembl_B,ENSSSAG00000107877
ensembl_A,ENSSSAG00000055780
ensembl_B,ENSSSAG00000000550
ensembl_A,ENSSSAG00000056455
ensembl_B,ENSSSAG00000100957
ensembl_A,ENSSSAG00000056030
ensembl_B,ENSSSAG00000096383
ensembl_A,ENSSSAG00000071920
ensembl_B,ENSSSAG00000001438
ensembl_A,ENSSSAG00000071339
ensembl_B,ENSSSAG00000005089
ensembl_A,ENSSSAG00000077639
ensembl_B,ENSSSAG00000101385
ensembl_A,ENSSSAG00000070506
ensembl_B,ENSSSAG00000003344
ensembl_A,ENSSSAG00000104990
ensembl_B,ENSSSAG00000053551
ensembl_A,ENSSSAG00000117950
ensembl_B,ENSSSAG00000066013
ensembl_A,ENSSSAG00000114029
ensembl_B,ENSSSAG00000115325
ensembl_A,ENSSSAG00000089446
ensembl_B,ENSSSAG00000083933
ensembl_A,ENSSSAG00000081317
ensembl_B,ENSSSAG00000073467
ensembl_A,ENSSSAG00000081526
ensembl_B,ENSSSAG00000076376
ensembl_A,ENSSSAG00000088541
ensembl_B,ENSSSAG00000095656
ensembl_A,ENSSSAG00000053843
ensembl_B,ENSSSAG00000063298
ensembl_A,ENSSSAG00000071167
ensembl_B,ENSSSAG00000045334
ensembl_A,ENSSSAG00000119839
ensembl_B,ENSSSAG00000049978
ensembl_A,ENSSSAG00000073372
ensembl_A,ENSSSAG00000002528
ensembl_B,ENSSSAG00000040099
ensembl_A,ENSSSAG00000067036
ensembl_B,ENSSSAG00000042290
ensembl_A,ENSSSAG00000078575
ensembl_B,ENSSSAG00000045562
ensembl_A,ENSSSAG00000015253
ensembl_B,ENSSSAG00000045592
ensembl_A,ENSSSAG00000069386
ensembl_B,ENSSSAG00000054047
ensembl_A,ENSSSAG00000066239
ensembl_B,ENSSSAG00000074836
ensembl_A,ENSSSAG00000017022
ensembl_B,ENSSSAG00000054816
ensembl_A,ENSSSAG00000110250
ensembl_B,ENSSSAG00000003202
ensembl_A,ENSSSAG00000000553
ensembl_B,ENSSSAG00000119437
ensembl_A,ENSSSAG00000072056
ensembl_B,ENSSSAG00000116896
ensembl_A,ENSSSAG00000117696
ensembl_B,ENSSSAG00000106220
ensembl_A,ENSSSAG00000100803
ensembl_B,ENSSSAG00000000759
ensembl_A,ENSSSAG00000056533
ensembl_B,ENSSSAG00000001762
ensembl_A,ENSSSAG00000086827
ensembl_B,ENSSSAG00000111074
ensembl_A,ENSSSAG00000109693
ensembl_B,ENSSSAG00000110097
ensembl_A,ENSSSAG00000042918
ensembl_B,ENSSSAG00000000752
ensembl_A,ENSSSAG00000075418
ensembl_B,ENSSSAG00000045929
ensembl_A,ENSSSAG00000096919
ensembl_B,ENSSSAG00000078021
ensembl_A,ENSSSAG00000004227
ensembl_B,ENSSSAG00000057154
ensembl_A,ENSSSAG00000002264
ensembl_B,ENSSSAG00000045995
ensembl_A,ENSSSAG00000120374
ensembl_B,ENSSSAG00000088252
ensembl_A,ENSSSAG00000071127
ensembl_B,ENSSSAG00000043771
ensembl_A,ENSSSAG00000045326
ensembl_B,ENSSSAG00000046952
ensembl_A,ENSSSAG00000070109
ensembl_B,ENSSSAG00000083748
ensembl_A,ENSSSAG00000043765
ensembl_B,ENSSSAG00000063491
ensembl_A,ENSSSAG00000090604
ensembl_B,ENSSSAG00000095622
ensembl_A,ENSSSAG00000064243
ensembl_B,ENSSSAG00000070647
ensembl_A,ENSSSAG00000049134
ensembl_B,ENSSSAG00000074598
ensembl_A,ENSSSAG00000051105
ensembl_B,ENSSSAG00000094912
ensembl_A,ENSSSAG00000080644
ensembl_A,ENSSSAG00000006907
ensembl_B,ENSSSAG00000045059
ensembl_A,ENSSSAG00000082398
ensembl_B,ENSSSAG00000045154
ensembl_A,ENSSSAG00000065074
ensembl_B,ENSSSAG00000079358
ensembl_A,ENSSSAG00000008033
ensembl_B,ENSSSAG00000007893
ensembl_A,ENSSSAG00000039618
ensembl_B,ENSSSAG00000117760
ensembl_A,ENSSSAG00000095348
ensembl_B,ENSSSAG00000071738
ensembl_A,ENSSSAG00000105059
ensembl_B,ENSSSAG00000071152
ensembl_A,ENSSSAG00000006580
ensembl_B,ENSSSAG00000048578
ensembl_A,ENSSSAG00000089833
ensembl_B,ENSSSAG00000094599
ensembl_A,ENSSSAG00000048169
ensembl_B,ENSSSAG00000073134
ensembl_A,ENSSSAG00000112785
ensembl_B,ENSSSAG00000073126
ensembl_A,ENSSSAG00000080453
ensembl_B,ENSSSAG00000099308
ensembl_A,ENSSSAG00000076112
ensembl_A,ENSSSAG00000083979
ensembl_B,ENSSSAG00000000855
ensembl_A,ENSSSAG00000053453
ensembl_B,ENSSSAG00000008487
ensembl_A,ENSSSAG00000112172
ensembl_B,ENSSSAG00000106256
ensembl_A,ENSSSAG00000063349
ensembl_B,ENSSSAG00000008878
ensembl_A,ENSSSAG00000001503
ensembl_B,ENSSSAG00000067428
ensembl_A,ENSSSAG00000042685
ensembl_B,ENSSSAG00000006804
ensembl_A,ENSSSAG00000043713
ensembl_B,ENSSSAG00000006740
ensembl_A,ENSSSAG00000119905
ensembl_B,ENSSSAG00000068009
ensembl_A,ENSSSAG00000078898
ensembl_B,ENSSSAG00000083798
ensembl_A,ENSSSAG00000082572
ensembl_B,ENSSSAG00000078271
ensembl_A,ENSSSAG00000009244
ensembl_B,ENSSSAG00000079943
ensembl_A,ENSSSAG00000075232
ensembl_B,ENSSSAG00000080169
ensembl_A,ENSSSAG00000054302
ensembl_B,ENSSSAG00000001204
ensembl_A,ENSSSAG00000001302
ensembl_B,ENSSSAG00000015419
ensembl_A,ENSSSAG00000015626
ensembl_B,ENSSSAG00000007215
ensembl_A,ENSSSAG00000053275
ensembl_B,ENSSSAG00000117852
ensembl_A,ENSSSAG00000101923
ensembl_B,ENSSSAG00000118420
ensembl_A,ENSSSAG00000077054
ensembl_B,ENSSSAG00000098715
ensembl_A,ENSSSAG00000046398
ensembl_B,ENSSSAG00000115078
ensembl_A,ENSSSAG00000007722
ensembl_B,ENSSSAG00000076705
ensembl_A,ENSSSAG00000055945
ensembl_B,ENSSSAG00000076315
ensembl_A,ENSSSAG00000103096
ensembl_B,ENSSSAG00000084675
ensembl_A,ENSSSAG00000053536
ensembl_B,ENSSSAG00000002143
ensembl_A,ENSSSAG00000005460
ensembl_B,ENSSSAG00000064642
ensembl_A,ENSSSAG00000037896
ensembl_B,ENSSSAG00000005407
ensembl_A,ENSSSAG00000031718
ensembl_B,ENSSSAG00000076123
ensembl_A,ENSSSAG00000101402
ensembl_B,ENSSSAG00000003029
ensembl_A,ENSSSAG00000095803
ensembl_B,ENSSSAG00000054926
ensembl_A,ENSSSAG00000083240
ensembl_B,ENSSSAG00000054954
ensembl_A,ENSSSAG00000052956
ensembl_B,ENSSSAG00000055323
ensembl_A,ENSSSAG00000079422
ensembl_B,ENSSSAG00000039375
ensembl_A,ENSSSAG00000076242
ensembl_B,ENSSSAG00000076875
ensembl_A,ENSSSAG00000046956
ensembl_B,ENSSSAG00000100090
ensembl_A,ENSSSAG00000008392
ensembl_B,ENSSSAG00000008210
ensembl_A,ENSSSAG00000119813
ensembl_B,ENSSSAG00000007820
ensembl_A,ENSSSAG00000006799
ensembl_B,ENSSSAG00000044542
ensembl_A,ENSSSAG00000040605
ensembl_B,ENSSSAG00000051668
ensembl_A,ENSSSAG00000005095
ensembl_B,ENSSSAG00000046427
ensembl_A,ENSSSAG00000040909
ensembl_B,ENSSSAG00000044316
ensembl_A,ENSSSAG00000076176
ensembl_B,ENSSSAG00000051681
ensembl_A,ENSSSAG00000005807
ensembl_B,ENSSSAG00000053661
ensembl_A,ENSSSAG00000081049
ensembl_B,ENSSSAG00000054666
ensembl_A,ENSSSAG00000068795
ensembl_B,ENSSSAG00000060466
ensembl_A,ENSSSAG00000072485
ensembl_B,ENSSSAG00000064843
ensembl_A,ENSSSAG00000057685
ensembl_B,ENSSSAG00000043325
ensembl_A,ENSSSAG00000064313
ensembl_B,ENSSSAG00000042174
ensembl_A,ENSSSAG00000121498
ensembl_B,ENSSSAG00000116091
ensembl_A,ENSSSAG00000118531
ensembl_B,ENSSSAG00000038140
ensembl_A,ENSSSAG00000043592
ensembl_B,ENSSSAG00000001444
ensembl_A,ENSSSAG00000100306
ensembl_B,ENSSSAG00000016311
ensembl_A,ENSSSAG00000079568
ensembl_B,ENSSSAG00000003604
ensembl_A,ENSSSAG00000079850
ensembl_B,ENSSSAG00000002023
ensembl_A,ENSSSAG00000009221
ensembl_B,ENSSSAG00000038979
ensembl_A,ENSSSAG00000066540
ensembl_B,ENSSSAG00000110201
ensembl_A,ENSSSAG00000001047
ensembl_B,ENSSSAG00000002116
ensembl_A,ENSSSAG00000086186
ensembl_B,ENSSSAG00000003193
ensembl_A,ENSSSAG00000064346
ensembl_B,ENSSSAG00000003812
ensembl_A,ENSSSAG00000056888
ensembl_B,ENSSSAG00000081794
ensembl_A,ENSSSAG00000111782
ensembl_B,ENSSSAG00000107138
ensembl_A,ENSSSAG00000103914
ensembl_B,ENSSSAG00000083944
ensembl_A,ENSSSAG00000074095
ensembl_B,ENSSSAG00000097636
ensembl_A,ENSSSAG00000074845
ensembl_B,ENSSSAG00000086818
ensembl_A,ENSSSAG00000065972
ensembl_B,ENSSSAG00000099034
ensembl_A,ENSSSAG00000010230
ensembl_B,ENSSSAG00000068371
ensembl_A,ENSSSAG00000006850
ensembl_B,ENSSSAG00000000051
ensembl_A,ENSSSAG00000105000
ensembl_B,ENSSSAG00000111048
ensembl_A,ENSSSAG00000055270
ensembl_B,ENSSSAG00000064948
ensembl_A,ENSSSAG00000119911
ensembl_B,ENSSSAG00000005550
ensembl_A,ENSSSAG00000078122
ensembl_B,ENSSSAG00000070825
ensembl_A,ENSSSAG00000082023
ensembl_B,ENSSSAG00000005614
ensembl_B,ENSSSAG00000106483
ensembl_A,ENSSSAG00000104813
ensembl_B,ENSSSAG00000041429
ensembl_A,ENSSSAG00000067134
ensembl_B,ENSSSAG00000082017
ensembl_A,ENSSSAG00000005217
ensembl_B,ENSSSAG00000067422
ensembl_A,ENSSSAG00000121849
ensembl_B,ENSSSAG00000103324
ensembl_A,ENSSSAG00000093804
ensembl_B,ENSSSAG00000101791
ensembl_A,ENSSSAG00000052284
ensembl_B,ENSSSAG00000046592
ensembl_A,ENSSSAG00000074862
ensembl_B,ENSSSAG00000112015
ensembl_A,ENSSSAG00000113965
ensembl_B,ENSSSAG00000108027
ensembl_A,ENSSSAG00000100331
ensembl_B,ENSSSAG00000055541
ensembl_A,ENSSSAG00000050994
ensembl_B,ENSSSAG00000007930
ensembl_A,ENSSSAG00000061450
ensembl_B,ENSSSAG00000003343
ensembl_A,ENSSSAG00000073354
ensembl_B,ENSSSAG00000071029
ensembl_A,ENSSSAG00000050739
ensembl_B,ENSSSAG00000007605
ensembl_A,ENSSSAG00000075862
ensembl_B,ENSSSAG00000003941
ensembl_A,ENSSSAG00000099529
ensembl_B,ENSSSAG00000116873
ensembl_A,ENSSSAG00000080868
ensembl_B,ENSSSAG00000080488
ensembl_A,ENSSSAG00000005417
ensembl_B,ENSSSAG00000093364
ensembl_A,ENSSSAG00000072502
ensembl_B,ENSSSAG00000102427
ensembl_A,ENSSSAG00000045957
ensembl_B,ENSSSAG00000097178
ensembl_A,ENSSSAG00000081729
ensembl_B,ENSSSAG00000007980
ensembl_A,ENSSSAG00000039672
ensembl_B,ENSSSAG00000003580
ensembl_A,ENSSSAG00000104839
ensembl_B,ENSSSAG00000003634
ensembl_A,ENSSSAG00000098227
ensembl_B,ENSSSAG00000003648
ensembl_A,ENSSSAG00000053894
ensembl_B,ENSSSAG00000039163
ensembl_A,ENSSSAG00000075315
ensembl_B,ENSSSAG00000071867
ensembl_A,ENSSSAG00000006530
ensembl_B,ENSSSAG00000114915
ensembl_A,ENSSSAG00000100998
ensembl_B,ENSSSAG00000084714
ensembl_A,ENSSSAG00000006903
ensembl_B,ENSSSAG00000041029
ensembl_A,ENSSSAG00000051349
ensembl_B,ENSSSAG00000076499
ensembl_A,ENSSSAG00000071903
ensembl_B,ENSSSAG00000073684
ensembl_A,ENSSSAG00000038567
ensembl_B,ENSSSAG00000087031
ensembl_A,ENSSSAG00000106689
ensembl_B,ENSSSAG00000043788
ensembl_A,ENSSSAG00000009509
ensembl_B,ENSSSAG00000050640
ensembl_A,ENSSSAG00000064449
ensembl_B,ENSSSAG00000097950
ensembl_A,ENSSSAG00000100755
ensembl_B,ENSSSAG00000101621
ensembl_A,ENSSSAG00000059162
ensembl_B,ENSSSAG00000004126
ensembl_A,ENSSSAG00000080443
ensembl_B,ENSSSAG00000107874
ensembl_A,ENSSSAG00000007202
ensembl_B,ENSSSAG00000002771
ensembl_A,ENSSSAG00000073807
ensembl_B,ENSSSAG00000002955
ensembl_A,ENSSSAG00000078630
ensembl_B,ENSSSAG00000115843
ensembl_A,ENSSSAG00000065483
ensembl_B,ENSSSAG00000000630
ensembl_A,ENSSSAG00000000630
ensembl_B,ENSSSAG00000002728
ensembl_A,ENSSSAG00000074130
ensembl_B,ENSSSAG00000116914
ensembl_A,ENSSSAG00000045629
ensembl_B,ENSSSAG00000040278
ensembl_A,ENSSSAG00000007425
ensembl_B,ENSSSAG00000003456
ensembl_A,ENSSSAG00000103858
ensembl_A,ENSSSAG00000075855
ensembl_B,ENSSSAG00000005787
ensembl_A,ENSSSAG00000090366
ensembl_B,ENSSSAG00000088265
ensembl_A,ENSSSAG00000080786
ensembl_B,ENSSSAG00000081591
ensembl_A,ENSSSAG00000073416
ensembl_B,ENSSSAG00000084975
ensembl_A,ENSSSAG00000079415
ensembl_B,ENSSSAG00000005452
ensembl_A,ENSSSAG00000054585
ensembl_B,ENSSSAG00000106428
ensembl_A,ENSSSAG00000001522
ensembl_B,ENSSSAG00000008419
ensembl_A,ENSSSAG00000067261
ensembl_B,ENSSSAG00000064879
ensembl_A,ENSSSAG00000108755
ensembl_B,ENSSSAG00000113694
ensembl_A,ENSSSAG00000106518
ensembl_B,ENSSSAG00000116752
ensembl_A,ENSSSAG00000113001
ensembl_B,ENSSSAG00000054988
ensembl_A,ENSSSAG00000016373
ensembl_B,ENSSSAG00000066247
ensembl_A,ENSSSAG00000063986
ensembl_B,ENSSSAG00000105775
ensembl_A,ENSSSAG00000079172
ensembl_B,ENSSSAG00000067381
ensembl_A,ENSSSAG00000063158
ensembl_B,ENSSSAG00000071874
ensembl_A,ENSSSAG00000008334
ensembl_B,ENSSSAG00000088552
ensembl_A,ENSSSAG00000078780
ensembl_B,ENSSSAG00000048772
ensembl_A,ENSSSAG00000004824
ensembl_B,ENSSSAG00000049170
ensembl_A,ENSSSAG00000110495
ensembl_B,ENSSSAG00000109181
ensembl_A,ENSSSAG00000062699
ensembl_B,ENSSSAG00000095212
ensembl_A,ENSSSAG00000041927
ensembl_B,ENSSSAG00000067582
ensembl_A,ENSSSAG00000104746
ensembl_B,ENSSSAG00000118234
ensembl_A,ENSSSAG00000048510
ensembl_B,ENSSSAG00000002466
ensembl_A,ENSSSAG00000090269
ensembl_B,ENSSSAG00000088442
ensembl_A,ENSSSAG00000114215
ensembl_B,ENSSSAG00000069189
ensembl_A,ENSSSAG00000044046
ensembl_B,ENSSSAG00000106805
ensembl_A,ENSSSAG00000068492
ensembl_B,ENSSSAG00000002200
ensembl_A,ENSSSAG00000110664
ensembl_B,ENSSSAG00000070930
ensembl_A,ENSSSAG00000080932
ensembl_B,ENSSSAG00000015764
ensembl_A,ENSSSAG00000007959
ensembl_B,ENSSSAG00000002137
ensembl_A,ENSSSAG00000039042
ensembl_B,ENSSSAG00000002399
ensembl_A,ENSSSAG00000068164
ensembl_B,ENSSSAG00000070970
ensembl_A,ENSSSAG00000109406
ensembl_B,ENSSSAG00000048798
ensembl_A,ENSSSAG00000115011
ensembl_B,ENSSSAG00000002755
ensembl_A,ENSSSAG00000040610
ensembl_B,ENSSSAG00000002830
ensembl_A,ENSSSAG00000062871
ensembl_B,ENSSSAG00000005572
ensembl_A,ENSSSAG00000106156
ensembl_B,ENSSSAG00000004811
ensembl_A,ENSSSAG00000081861
ensembl_B,ENSSSAG00000081982
ensembl_A,ENSSSAG00000106725
ensembl_B,ENSSSAG00000004290
ensembl_A,ENSSSAG00000080046
ensembl_B,ENSSSAG00000059278
ensembl_A,ENSSSAG00000067266
ensembl_B,ENSSSAG00000095277
ensembl_A,ENSSSAG00000065170
ensembl_B,ENSSSAG00000102183
ensembl_A,ENSSSAG00000007030
ensembl_B,ENSSSAG00000063223
ensembl_A,ENSSSAG00000064657
ensembl_B,ENSSSAG00000096711
ensembl_A,ENSSSAG00000065412
ensembl_B,ENSSSAG00000003585
ensembl_A,ENSSSAG00000076798
ensembl_B,ENSSSAG00000003520
ensembl_A,ENSSSAG00000059660
ensembl_B,ENSSSAG00000001610
ensembl_A,ENSSSAG00000039962
ensembl_B,ENSSSAG00000001501
ensembl_A,ENSSSAG00000043763
ensembl_B,ENSSSAG00000002220
ensembl_A,ENSSSAG00000079510
ensembl_B,ENSSSAG00000009277
ensembl_A,ENSSSAG00000080379
ensembl_B,ENSSSAG00000003618
ensembl_A,ENSSSAG00000007628
ensembl_B,ENSSSAG00000003538
ensembl_A,ENSSSAG00000069974
ensembl_B,ENSSSAG00000110757
ensembl_A,ENSSSAG00000064360
ensembl_B,ENSSSAG00000002211
ensembl_A,ENSSSAG00000064699
ensembl_B,ENSSSAG00000114477
ensembl_A,ENSSSAG00000006571
ensembl_B,ENSSSAG00000016312
ensembl_A,ENSSSAG00000077347
ensembl_B,ENSSSAG00000024626
ensembl_A,ENSSSAG00000102689
ensembl_B,ENSSSAG00000057616
ensembl_A,ENSSSAG00000105533
ensembl_B,ENSSSAG00000042032
ensembl_A,ENSSSAG00000072642
ensembl_B,ENSSSAG00000007171
ensembl_A,ENSSSAG00000068519
ensembl_B,ENSSSAG00000003288
ensembl_A,ENSSSAG00000092453
ensembl_B,ENSSSAG00000102790
ensembl_A,ENSSSAG00000074341
ensembl_B,ENSSSAG00000002803
ensembl_A,ENSSSAG00000072118
ensembl_B,ENSSSAG00000004929
ensembl_A,ENSSSAG00000034849
ensembl_B,ENSSSAG00000002416
ensembl_A,ENSSSAG00000077601
ensembl_B,ENSSSAG00000100817
ensembl_A,ENSSSAG00000009969
ensembl_B,ENSSSAG00000015634
ensembl_A,ENSSSAG00000085483
ensembl_B,ENSSSAG00000008883
ensembl_A,ENSSSAG00000052678
ensembl_B,ENSSSAG00000116509
ensembl_A,ENSSSAG00000001101
ensembl_B,ENSSSAG00000007719
ensembl_B,ENSSSAG00000100732
ensembl_A,ENSSSAG00000068254
ensembl_B,ENSSSAG00000097340
ensembl_A,ENSSSAG00000020298
ensembl_B,ENSSSAG00000091452
ensembl_A,ENSSSAG00000064838
ensembl_B,ENSSSAG00000101610
ensembl_B,ENSSSAG00000071609
ensembl_A,ENSSSAG00000042461
ensembl_B,ENSSSAG00000002943
ensembl_A,ENSSSAG00000058859
ensembl_B,ENSSSAG00000073667
ensembl_A,ENSSSAG00000097068
ensembl_B,ENSSSAG00000066302
ensembl_A,ENSSSAG00000074827
ensembl_B,ENSSSAG00000110982
ensembl_A,ENSSSAG00000080079
ensembl_B,ENSSSAG00000002454
ensembl_A,ENSSSAG00000110153
ensembl_B,ENSSSAG00000092541
ensembl_A,ENSSSAG00000045077
ensembl_B,ENSSSAG00000003998
ensembl_A,ENSSSAG00000092471
ensembl_B,ENSSSAG00000107339
ensembl_A,ENSSSAG00000009331
ensembl_B,ENSSSAG00000023196
ensembl_A,ENSSSAG00000064833
ensembl_B,ENSSSAG00000078685
ensembl_A,ENSSSAG00000005912
ensembl_B,ENSSSAG00000072026
ensembl_A,ENSSSAG00000055437
ensembl_B,ENSSSAG00000071416
ensembl_A,ENSSSAG00000075935
ensembl_B,ENSSSAG00000075258
ensembl_A,ENSSSAG00000069311
ensembl_B,ENSSSAG00000110860
ensembl_A,ENSSSAG00000076834
ensembl_B,ENSSSAG00000076849
ensembl_A,ENSSSAG00000003974
ensembl_B,ENSSSAG00000076778
ensembl_A,ENSSSAG00000063827
ensembl_B,ENSSSAG00000076739
ensembl_A,ENSSSAG00000000377
ensembl_B,ENSSSAG00000068878
ensembl_A,ENSSSAG00000078354
ensembl_A,ENSSSAG00000074731
ensembl_B,ENSSSAG00000110322
ensembl_A,ENSSSAG00000074892
ensembl_B,ENSSSAG00000108515
ensembl_A,ENSSSAG00000103574
ensembl_B,ENSSSAG00000061218
ensembl_A,ENSSSAG00000082830
ensembl_B,ENSSSAG00000047219
ensembl_A,ENSSSAG00000074913
ensembl_B,ENSSSAG00000001748
ensembl_A,ENSSSAG00000102152
ensembl_B,ENSSSAG00000062824
ensembl_A,ENSSSAG00000095736
ensembl_B,ENSSSAG00000085319
ensembl_A,ENSSSAG00000079537
ensembl_B,ENSSSAG00000040168
ensembl_A,ENSSSAG00000105075
ensembl_B,ENSSSAG00000087715
ensembl_A,ENSSSAG00000001786
ensembl_B,ENSSSAG00000045734
ensembl_A,ENSSSAG00000081912
ensembl_B,ENSSSAG00000119299
ensembl_A,ENSSSAG00000069235
ensembl_B,ENSSSAG00000102403
ensembl_A,ENSSSAG00000113310
ensembl_B,ENSSSAG00000042297
ensembl_A,ENSSSAG00000075912
ensembl_B,ENSSSAG00000098973
ensembl_A,ENSSSAG00000000874
ensembl_A,ENSSSAG00000121830
ensembl_B,ENSSSAG00000112839
ensembl_A,ENSSSAG00000075167
ensembl_B,ENSSSAG00000093611
ensembl_A,ENSSSAG00000072638
ensembl_B,ENSSSAG00000114761
ensembl_A,ENSSSAG00000042751
ensembl_B,ENSSSAG00000052680
ensembl_A,ENSSSAG00000072714
ensembl_B,ENSSSAG00000087462
ensembl_A,ENSSSAG00000072227
ensembl_B,ENSSSAG00000004867
ensembl_A,ENSSSAG00000080689
ensembl_B,ENSSSAG00000083329
ensembl_A,ENSSSAG00000090224
ensembl_B,ENSSSAG00000068936
ensembl_A,ENSSSAG00000120518
ensembl_B,ENSSSAG00000061606
ensembl_A,ENSSSAG00000056648
ensembl_B,ENSSSAG00000062787
ensembl_A,ENSSSAG00000010201
ensembl_B,ENSSSAG00000102455
ensembl_A,ENSSSAG00000112678
ensembl_B,ENSSSAG00000062908
ensembl_A,ENSSSAG00000068222
ensembl_B,ENSSSAG00000063066
ensembl_A,ENSSSAG00000014558
ensembl_B,ENSSSAG00000120633
ensembl_A,ENSSSAG00000091713
ensembl_B,ENSSSAG00000009841
ensembl_A,ENSSSAG00000054536
ensembl_B,ENSSSAG00000069568
ensembl_A,ENSSSAG00000065392
ensembl_A,ENSSSAG00000004627
ensembl_B,ENSSSAG00000042100
ensembl_A,ENSSSAG00000009936
ensembl_B,ENSSSAG00000006771
ensembl_A,ENSSSAG00000005047
ensembl_B,ENSSSAG00000086953
ensembl_A,ENSSSAG00000109974
ensembl_B,ENSSSAG00000100830
ensembl_A,ENSSSAG00000073238
ensembl_A,ENSSSAG00000079625
ensembl_B,ENSSSAG00000111438
ensembl_A,ENSSSAG00000001291
ensembl_A,ENSSSAG00000075639
ensembl_B,ENSSSAG00000037934
ensembl_A,ENSSSAG00000010446
ensembl_B,ENSSSAG00000076371
ensembl_A,ENSSSAG00000116745
ensembl_B,ENSSSAG00000001541
ensembl_A,ENSSSAG00000054209
ensembl_B,ENSSSAG00000099004
ensembl_A,ENSSSAG00000058170
ensembl_B,ENSSSAG00000090011
ensembl_A,ENSSSAG00000065460
ensembl_B,ENSSSAG00000066547
ensembl_A,ENSSSAG00000083474
ensembl_B,ENSSSAG00000001009
ensembl_A,ENSSSAG00000085827
ensembl_B,ENSSSAG00000040316
ensembl_A,ENSSSAG00000071672
ensembl_B,ENSSSAG00000066232
ensembl_A,ENSSSAG00000048037
ensembl_B,ENSSSAG00000070750
ensembl_A,ENSSSAG00000042284
ensembl_B,ENSSSAG00000050860
ensembl_A,ENSSSAG00000090848
ensembl_B,ENSSSAG00000104629
ensembl_A,ENSSSAG00000042779
ensembl_B,ENSSSAG00000046134
ensembl_A,ENSSSAG00000051568
ensembl_B,ENSSSAG00000038396
ensembl_B,ENSSSAG00000064152
ensembl_A,ENSSSAG00000088113
ensembl_B,ENSSSAG00000064884
ensembl_A,ENSSSAG00000079840
ensembl_B,ENSSSAG00000068432
ensembl_A,ENSSSAG00000070083
ensembl_B,ENSSSAG00000040075
ensembl_A,ENSSSAG00000001855
ensembl_B,ENSSSAG00000086331
ensembl_A,ENSSSAG00000005357
ensembl_B,ENSSSAG00000075033
ensembl_A,ENSSSAG00000074981
ensembl_B,ENSSSAG00000087847
ensembl_A,ENSSSAG00000078071
ensembl_B,ENSSSAG00000075036
ensembl_A,ENSSSAG00000064246
ensembl_B,ENSSSAG00000075725
ensembl_A,ENSSSAG00000070563
ensembl_B,ENSSSAG00000075825
ensembl_A,ENSSSAG00000057301
ensembl_B,ENSSSAG00000122198
ensembl_A,ENSSSAG00000069154
ensembl_B,ENSSSAG00000064646
ensembl_A,ENSSSAG00000073889
ensembl_B,ENSSSAG00000006864
ensembl_A,ENSSSAG00000104138
ensembl_B,ENSSSAG00000056122
ensembl_A,ENSSSAG00000080849
ensembl_B,ENSSSAG00000083658
ensembl_A,ENSSSAG00000062710
ensembl_B,ENSSSAG00000063522
ensembl_A,ENSSSAG00000079063
ensembl_B,ENSSSAG00000071138
ensembl_A,ENSSSAG00000058417
ensembl_B,ENSSSAG00000121571
ensembl_A,ENSSSAG00000100077
ensembl_B,ENSSSAG00000044376
ensembl_A,ENSSSAG00000049900
ensembl_B,ENSSSAG00000063825
ensembl_A,ENSSSAG00000075300
ensembl_B,ENSSSAG00000070601
ensembl_A,ENSSSAG00000093105
ensembl_B,ENSSSAG00000121279
ensembl_A,ENSSSAG00000092726
ensembl_B,ENSSSAG00000108327
ensembl_A,ENSSSAG00000063504
ensembl_A,ENSSSAG00000075009
ensembl_B,ENSSSAG00000097816
ensembl_A,ENSSSAG00000117742
ensembl_B,ENSSSAG00000047682
ensembl_A,ENSSSAG00000001593
ensembl_B,ENSSSAG00000095995
ensembl_A,ENSSSAG00000068810
ensembl_B,ENSSSAG00000054732
ensembl_A,ENSSSAG00000047338
ensembl_B,ENSSSAG00000075086
ensembl_A,ENSSSAG00000071310
ensembl_B,ENSSSAG00000112704
ensembl_A,ENSSSAG00000097666
ensembl_B,ENSSSAG00000064822
ensembl_A,ENSSSAG00000113251
ensembl_B,ENSSSAG00000042261
