ensembl_A,ensembl_B
ENSSSAG00000072686,ENSSSAG00000006623
ENSSSAG00000080505,ENSSSAG00000068846
ENSSSAG00000072882,ENSSSAG00000062981
ENSSSAG00000093665,ENSSSAG00000053544
ENSSSAG00000064172,ENSSSAG00000070511
ENSSSAG00000005909,ENSSSAG00000053861
ENSSSAG00000052234,ENSSSAG00000043162
ENSSSAG00000041000,ENSSSAG00000063475
ENSSSAG00000039526,ENSSSAG00000107836
ENSSSAG00000001266,ENSSSAG00000080578
ENSSSAG00000084886,ENSSSAG00000072197
ENSSSAG00000063847,ENSSSAG00000062948
ENSSSAG00000100623,ENSSSAG00000077924
ENSSSAG00000078661,ENSSSAG00000104276
ENSSSAG00000046080,ENSSSAG00000006681
ENSSSAG00000041025,ENSSSAG00000080616
ENSSSAG00000068527,ENSSSAG00000009802
ENSSSAG00000069392,ENSSSAG00000042221
ENSSSAG00000081095,ENSSSAG00000003134
ENSSSAG00000044931,ENSSSAG00000109879
ENSSSAG00000094912,ENSSSAG00000068569
ENSSSAG00000103268,ENSSSAG00000002641
ENSSSAG00000054668,ENSSSAG00000120113
ENSSSAG00000115673,ENSSSAG00000093418
ENSSSAG00000074209,ENSSSAG00000066355
ENSSSAG00000042877,ENSSSAG00000067971
ENSSSAG00000083441,ENSSSAG00000092033
ENSSSAG00000086246,ENSSSAG00000066427
ENSSSAG00000110425,ENSSSAG00000024249
ENSSSAG00000067511,ENSSSAG00000106162
ENSSSAG00000067999,ENSSSAG00000113293
ENSSSAG00000046616,ENSSSAG00000079910
ENSSSAG00000079561,ENSSSAG00000079892
ENSSSAG00000078394,ENSSSAG00000015452
ENSSSAG00000045830,ENSSSAG00000040024
ENSSSAG00000072014,ENSSSAG00000046356
ENSSSAG00000074794,ENSSSAG00000046867
ENSSSAG00000072069,ENSSSAG00000049768
ENSSSAG00000003910,ENSSSAG00000051653
ENSSSAG00000067062,ENSSSAG00000046975
ENSSSAG00000102749,ENSSSAG00000082801
ENSSSAG00000105694,ENSSSAG00000092891
ENSSSAG00000095175,ENSSSAG00000102025
ENSSSAG00000070282,ENSSSAG00000089165
ENSSSAG00000077478,ENSSSAG00000039748
ENSSSAG00000071362,ENSSSAG00000040839
ENSSSAG00000085999,ENSSSAG00000034600
ENSSSAG00000074547,ENSSSAG00000070035
ENSSSAG00000044992,ENSSSAG00000091550
ENSSSAG00000092170,ENSSSAG00000094851
ENSSSAG00000096472,ENSSSAG00000063794
ENSSSAG00000004189,ENSSSAG00000115245
ENSSSAG00000105676,ENSSSAG00000080545
ENSSSAG00000044002,ENSSSAG00000062697
ENSSSAG00000055242,ENSSSAG00000059477
ENSSSAG00000054471,ENSSSAG00000109523
ENSSSAG00000075547,ENSSSAG00000083332
ENSSSAG00000053630,ENSSSAG00000084081
ENSSSAG00000052939,ENSSSAG00000015484
ENSSSAG00000078466,ENSSSAG00000015519
ENSSSAG00000064292,ENSSSAG00000016498
ENSSSAG00000055455,ENSSSAG00000088529
ENSSSAG00000109831,ENSSSAG00000088642
ENSSSAG00000117112,ENSSSAG00000015896
ENSSSAG00000069498,ENSSSAG00000097206
ENSSSAG00000058926,ENSSSAG00000010140
ENSSSAG00000080111,ENSSSAG00000004878
ENSSSAG00000006720,ENSSSAG00000065899
ENSSSAG00000076721,ENSSSAG00000058580
ENSSSAG00000078399,ENSSSAG00000105793
ENSSSAG00000104050,ENSSSAG00000064115
ENSSSAG00000051173,ENSSSAG00000078845
ENSSSAG00000007422,ENSSSAG00000079639
ENSSSAG00000080772,ENSSSAG00000079616
ENSSSAG00000053108,ENSSSAG00000079607
ENSSSAG00000039537,ENSSSAG00000082709
ENSSSAG00000074584,ENSSSAG00000079511
ENSSSAG00000003293,ENSSSAG00000009161
ENSSSAG00000085784,ENSSSAG00000009198
ENSSSAG00000067593,ENSSSAG00000050899
ENSSSAG00000112885,ENSSSAG00000043708
ENSSSAG00000043938,ENSSSAG00000112316
ENSSSAG00000075023,ENSSSAG00000051547
ENSSSAG00000068344,ENSSSAG00000102804
ENSSSAG00000073285,ENSSSAG00000085997
ENSSSAG00000059480,ENSSSAG00000054398
ENSSSAG00000095391,ENSSSAG00000094600
ENSSSAG00000066401,ENSSSAG00000072800
ENSSSAG00000077749,ENSSSAG00000087093
ENSSSAG00000075988,ENSSSAG00000088607
ENSSSAG00000003147,ENSSSAG00000005927
ENSSSAG00000096833,ENSSSAG00000005942
ENSSSAG00000043976,ENSSSAG00000088022
ENSSSAG00000003044,ENSSSAG00000056162
ENSSSAG00000105847,ENSSSAG00000041242
ENSSSAG00000046197,ENSSSAG00000004728
ENSSSAG00000044910,ENSSSAG00000109906
ENSSSAG00000080449,ENSSSAG00000025098
ENSSSAG00000104786,ENSSSAG00000042768
ENSSSAG00000068864,ENSSSAG00000101194
ENSSSAG00000066386,ENSSSAG00000102137
ENSSSAG00000074806,ENSSSAG00000117480
ENSSSAG00000054353,ENSSSAG00000079317
ENSSSAG00000048719,ENSSSAG00000039611
ENSSSAG00000052109,ENSSSAG00000080464
ENSSSAG00000070419,ENSSSAG00000112958
ENSSSAG00000074735,ENSSSAG00000102221
ENSSSAG00000057134,ENSSSAG00000111604
ENSSSAG00000118939,ENSSSAG00000029308
ENSSSAG00000057150,ENSSSAG00000077524
ENSSSAG00000068423,ENSSSAG00000055494
ENSSSAG00000043626,ENSSSAG00000054817
ENSSSAG00000004282,ENSSSAG00000052157
ENSSSAG00000074627,ENSSSAG00000052077
ENSSSAG00000067458,ENSSSAG00000101380
ENSSSAG00000065498,ENSSSAG00000080077
ENSSSAG00000121196,ENSSSAG00000107178
ENSSSAG00000091974,ENSSSAG00000081413
ENSSSAG00000081575,ENSSSAG00000046211
ENSSSAG00000045443,ENSSSAG00000038613
ENSSSAG00000005332,ENSSSAG00000102839
ENSSSAG00000054703,ENSSSAG00000045642
ENSSSAG00000076092,ENSSSAG00000033446
ENSSSAG00000069123,ENSSSAG00000081527
ENSSSAG00000070146,ENSSSAG00000062934
ENSSSAG00000085845,ENSSSAG00000006411
ENSSSAG00000069229,ENSSSAG00000005926
ENSSSAG00000068032,ENSSSAG00000091939
ENSSSAG00000001893,ENSSSAG00000050806
ENSSSAG00000065204,ENSSSAG00000121337
ENSSSAG00000006401,ENSSSAG00000110899
ENSSSAG00000116344,ENSSSAG00000006710
ENSSSAG00000104706,ENSSSAG00000006736
ENSSSAG00000007234,ENSSSAG00000077813
ENSSSAG00000006292,ENSSSAG00000004351
ENSSSAG00000070559,ENSSSAG00000004351
ENSSSAG00000096290,ENSSSAG00000009706
ENSSSAG00000075597,ENSSSAG00000044624
ENSSSAG00000009314,ENSSSAG00000103819
ENSSSAG00000002458,ENSSSAG00000108187
ENSSSAG00000073649,ENSSSAG00000065087
ENSSSAG00000120772,ENSSSAG00000062736
ENSSSAG00000006178,ENSSSAG00000065788
ENSSSAG00000002479,ENSSSAG00000111663
ENSSSAG00000006550,ENSSSAG00000068114
ENSSSAG00000063819,ENSSSAG00000089647
ENSSSAG00000088298,ENSSSAG00000114537
ENSSSAG00000081302,ENSSSAG00000118365
ENSSSAG00000043048,ENSSSAG00000121993
ENSSSAG00000005497,ENSSSAG00000114100
ENSSSAG00000114928,ENSSSAG00000002555
ENSSSAG00000005634,ENSSSAG00000006091
ENSSSAG00000100057,ENSSSAG00000093126
ENSSSAG00000071238,ENSSSAG00000076852
ENSSSAG00000074502,ENSSSAG00000076659
ENSSSAG00000002809,ENSSSAG00000065582
ENSSSAG00000069956,ENSSSAG00000008547
ENSSSAG00000056895,ENSSSAG00000073297
ENSSSAG00000005162,ENSSSAG00000100544
ENSSSAG00000081193,ENSSSAG00000099063
ENSSSAG00000074382,ENSSSAG00000068076
ENSSSAG00000068354,ENSSSAG00000104632
ENSSSAG00000025431,ENSSSAG00000096550
ENSSSAG00000065275,ENSSSAG00000054105
ENSSSAG00000118009,ENSSSAG00000088675
ENSSSAG00000076293,ENSSSAG00000015918
ENSSSAG00000039009,ENSSSAG00000085019
ENSSSAG00000002699,ENSSSAG00000080424
ENSSSAG00000008256,ENSSSAG00000080412
ENSSSAG00000073880,ENSSSAG00000057100
ENSSSAG00000005353,ENSSSAG00000105032
ENSSSAG00000065380,ENSSSAG00000094572
ENSSSAG00000109715,ENSSSAG00000007556
ENSSSAG00000048993,ENSSSAG00000006546
ENSSSAG00000073014,ENSSSAG00000111968
ENSSSAG00000064525,ENSSSAG00000004500
ENSSSAG00000055545,ENSSSAG00000103102
ENSSSAG00000046686,ENSSSAG00000079977
ENSSSAG00000004982,ENSSSAG00000081081
ENSSSAG00000082290,ENSSSAG00000085297
ENSSSAG00000043512,ENSSSAG00000042258
ENSSSAG00000055817,ENSSSAG00000053584
ENSSSAG00000121221,ENSSSAG00000086753
ENSSSAG00000071557,ENSSSAG00000054710
ENSSSAG00000008716,ENSSSAG00000066258
ENSSSAG00000110197,ENSSSAG00000048018
ENSSSAG00000113405,ENSSSAG00000066669
ENSSSAG00000044611,ENSSSAG00000066751
ENSSSAG00000077917,ENSSSAG00000069809
ENSSSAG00000052071,ENSSSAG00000091331
ENSSSAG00000053452,ENSSSAG00000085110
ENSSSAG00000041899,ENSSSAG00000054229
ENSSSAG00000103261,ENSSSAG00000092123
ENSSSAG00000069490,ENSSSAG00000087813
ENSSSAG00000112091,ENSSSAG00000084657
ENSSSAG00000081599,ENSSSAG00000079810
ENSSSAG00000051296,ENSSSAG00000067088
ENSSSAG00000092074,ENSSSAG00000114629
ENSSSAG00000095640,ENSSSAG00000038376
ENSSSAG00000008312,ENSSSAG00000104980
ENSSSAG00000118712,ENSSSAG00000076797
ENSSSAG00000083222,ENSSSAG00000083486
ENSSSAG00000073979,ENSSSAG00000118889
ENSSSAG00000073617,ENSSSAG00000112784
ENSSSAG00000058719,ENSSSAG00000118265
ENSSSAG00000074154,ENSSSAG00000116454
ENSSSAG00000076633,ENSSSAG00000004998
ENSSSAG00000066796,ENSSSAG00000079996
ENSSSAG00000080229,ENSSSAG00000066460
ENSSSAG00000003207,ENSSSAG00000097047
ENSSSAG00000067826,ENSSSAG00000106677
ENSSSAG00000114578,ENSSSAG00000006413
ENSSSAG00000052781,ENSSSAG00000004198
ENSSSAG00000113398,ENSSSAG00000004175
ENSSSAG00000089264,ENSSSAG00000077051
ENSSSAG00000003931,ENSSSAG00000087713
ENSSSAG00000067942,ENSSSAG00000094855
ENSSSAG00000047181,ENSSSAG00000042632
ENSSSAG00000079465,ENSSSAG00000064683
ENSSSAG00000080157,ENSSSAG00000039974
ENSSSAG00000074204,ENSSSAG00000090594
ENSSSAG00000070233,ENSSSAG00000031237
ENSSSAG00000073470,ENSSSAG00000088360
ENSSSAG00000075678,ENSSSAG00000015735
ENSSSAG00000000328,ENSSSAG00000005784
ENSSSAG00000089795,ENSSSAG00000012748
ENSSSAG00000063387,ENSSSAG00000083746
ENSSSAG00000054954,ENSSSAG00000040344
ENSSSAG00000065214,ENSSSAG00000080620
ENSSSAG00000089464,ENSSSAG00000099605
ENSSSAG00000015350,ENSSSAG00000056569
ENSSSAG00000089707,ENSSSAG00000086639
ENSSSAG00000000544,ENSSSAG00000099913
ENSSSAG00000067328,ENSSSAG00000063608
ENSSSAG00000005871,ENSSSAG00000063601
ENSSSAG00000077892,ENSSSAG00000052796
ENSSSAG00000078055,ENSSSAG00000072601
ENSSSAG00000068390,ENSSSAG00000077170
ENSSSAG00000049002,ENSSSAG00000048169
ENSSSAG00000004119,ENSSSAG00000031885
ENSSSAG00000080757,ENSSSAG00000101866
ENSSSAG00000109272,ENSSSAG00000093227
ENSSSAG00000064334,ENSSSAG00000079145
ENSSSAG00000081530,ENSSSAG00000078423
ENSSSAG00000063430,ENSSSAG00000078423
ENSSSAG00000070790,ENSSSAG00000068577
ENSSSAG00000122198,ENSSSAG00000068533
ENSSSAG00000042281,ENSSSAG00000068520
ENSSSAG00000119880,ENSSSAG00000049367
ENSSSAG00000002521,ENSSSAG00000004749
ENSSSAG00000094393,ENSSSAG00000068495
ENSSSAG00000010079,ENSSSAG00000091903
ENSSSAG00000043478,ENSSSAG00000119432
ENSSSAG00000108474,ENSSSAG00000044979
ENSSSAG00000117363,ENSSSAG00000076961
ENSSSAG00000005455,ENSSSAG00000075207
ENSSSAG00000045132,ENSSSAG00000069519
ENSSSAG00000006557,ENSSSAG00000100340
ENSSSAG00000113917,ENSSSAG00000038671
ENSSSAG00000001285,ENSSSAG00000093986
ENSSSAG00000054894,ENSSSAG00000077798
ENSSSAG00000008591,ENSSSAG00000072012
ENSSSAG00000091743,ENSSSAG00000064254
ENSSSAG00000086327,ENSSSAG00000073303
ENSSSAG00000016231,ENSSSAG00000099367
ENSSSAG00000008705,ENSSSAG00000039025
ENSSSAG00000008212,ENSSSAG00000039238
ENSSSAG00000047800,ENSSSAG00000050780
ENSSSAG00000047834,ENSSSAG00000068612
ENSSSAG00000054429,ENSSSAG00000077591
ENSSSAG00000000894,ENSSSAG00000077771
ENSSSAG00000017684,ENSSSAG00000077818
ENSSSAG00000009220,ENSSSAG00000089425
ENSSSAG00000040517,ENSSSAG00000071781
ENSSSAG00000064027,ENSSSAG00000082184
ENSSSAG00000030907,ENSSSAG00000050865
ENSSSAG00000070226,ENSSSAG00000115927
ENSSSAG00000122043,ENSSSAG00000064013
ENSSSAG00000046779,ENSSSAG00000073488
ENSSSAG00000091187,ENSSSAG00000117467
ENSSSAG00000079304,ENSSSAG00000091442
ENSSSAG00000009170,ENSSSAG00000065647
ENSSSAG00000109421,ENSSSAG00000068745
ENSSSAG00000073627,ENSSSAG00000064527
ENSSSAG00000015810,ENSSSAG00000054876
ENSSSAG00000072470,ENSSSAG00000108982
ENSSSAG00000075238,ENSSSAG00000090070
ENSSSAG00000067639,ENSSSAG00000118145
ENSSSAG00000041446,ENSSSAG00000089280
ENSSSAG00000066172,ENSSSAG00000101698
ENSSSAG00000094827,ENSSSAG00000080001
ENSSSAG00000001705,ENSSSAG00000080322
ENSSSAG00000065442,ENSSSAG00000055507
ENSSSAG00000078773,ENSSSAG00000011048
ENSSSAG00000004008,ENSSSAG00000015815
ENSSSAG00000074168,ENSSSAG00000050998
ENSSSAG00000042879,ENSSSAG00000062833
ENSSSAG00000005224,ENSSSAG00000098393
ENSSSAG00000102866,ENSSSAG00000068026
ENSSSAG00000066811,ENSSSAG00000074951
ENSSSAG00000082668,ENSSSAG00000072780
ENSSSAG00000063247,ENSSSAG00000095612
ENSSSAG00000044898,ENSSSAG00000051861
ENSSSAG00000039050,ENSSSAG00000049241
ENSSSAG00000081424,ENSSSAG00000040895
ENSSSAG00000008699,ENSSSAG00000040669
ENSSSAG00000074070,ENSSSAG00000090245
ENSSSAG00000041411,ENSSSAG00000078015
ENSSSAG00000000766,ENSSSAG00000077325
ENSSSAG00000046804,ENSSSAG00000077325
ENSSSAG00000049723,ENSSSAG00000077284
ENSSSAG00000043588,ENSSSAG00000117445
ENSSSAG00000000172,ENSSSAG00000042798
ENSSSAG00000078641,ENSSSAG00000097850
ENSSSAG00000043507,ENSSSAG00000103206
ENSSSAG00000104034,ENSSSAG00000117293
ENSSSAG00000080526,ENSSSAG00000054301
ENSSSAG00000065516,ENSSSAG00000108399
ENSSSAG00000094435,ENSSSAG00000080063
ENSSSAG00000077005,ENSSSAG00000112402
ENSSSAG00000004765,ENSSSAG00000079105
ENSSSAG00000003535,ENSSSAG00000005551
ENSSSAG00000079304,ENSSSAG00000109130
ENSSSAG00000072855,ENSSSAG00000074492
ENSSSAG00000032297,ENSSSAG00000055531
ENSSSAG00000053736,ENSSSAG00000029317
ENSSSAG00000100066,ENSSSAG00000047252
ENSSSAG00000122223,ENSSSAG00000120245
ENSSSAG00000057321,ENSSSAG00000076717
ENSSSAG00000068465,ENSSSAG00000065642
ENSSSAG00000006920,ENSSSAG00000110223
ENSSSAG00000007056,ENSSSAG00000079426
ENSSSAG00000105377,ENSSSAG00000093675
ENSSSAG00000117654,ENSSSAG00000043149
ENSSSAG00000052450,ENSSSAG00000110019
ENSSSAG00000096896,ENSSSAG00000002781
ENSSSAG00000049094,ENSSSAG00000002639
ENSSSAG00000052831,ENSSSAG00000005903
ENSSSAG00000065276,ENSSSAG00000121553
ENSSSAG00000057905,ENSSSAG00000097128
ENSSSAG00000015852,ENSSSAG00000095691
ENSSSAG00000055627,ENSSSAG00000039396
ENSSSAG00000078332,ENSSSAG00000100885
ENSSSAG00000111720,ENSSSAG00000067873
ENSSSAG00000039596,ENSSSAG00000005764
ENSSSAG00000093840,ENSSSAG00000087363
ENSSSAG00000038451,ENSSSAG00000004981
ENSSSAG00000056679,ENSSSAG00000005646
ENSSSAG00000075568,ENSSSAG00000101880
ENSSSAG00000116713,ENSSSAG00000009871
ENSSSAG00000108707,ENSSSAG00000009871
ENSSSAG00000007643,ENSSSAG00000047602
ENSSSAG00000078607,ENSSSAG00000065449
ENSSSAG00000093997,ENSSSAG00000013052
ENSSSAG00000081753,ENSSSAG00000057049
ENSSSAG00000075790,ENSSSAG00000058399
ENSSSAG00000056346,ENSSSAG00000015900
ENSSSAG00000072159,ENSSSAG00000041431
ENSSSAG00000107705,ENSSSAG00000046390
ENSSSAG00000114390,ENSSSAG00000085361
ENSSSAG00000081630,ENSSSAG00000087382
ENSSSAG00000080334,ENSSSAG00000050005
ENSSSAG00000055833,ENSSSAG00000041621
ENSSSAG00000001003,ENSSSAG00000113179
ENSSSAG00000052850,ENSSSAG00000045280
ENSSSAG00000105530,ENSSSAG00000045422
ENSSSAG00000077598,ENSSSAG00000042618
ENSSSAG00000106778,ENSSSAG00000073808
ENSSSAG00000071378,ENSSSAG00000039347
ENSSSAG00000066735,ENSSSAG00000044988
ENSSSAG00000038975,ENSSSAG00000058050
ENSSSAG00000089264,ENSSSAG00000059365
ENSSSAG00000005365,ENSSSAG00000066717
ENSSSAG00000088742,ENSSSAG00000062440
ENSSSAG00000064961,ENSSSAG00000047965
ENSSSAG00000074738,ENSSSAG00000048014
ENSSSAG00000066781,ENSSSAG00000047878
ENSSSAG00000081519,ENSSSAG00000116544
ENSSSAG00000084452,ENSSSAG00000090794
ENSSSAG00000087000,ENSSSAG00000085502
ENSSSAG00000044707,ENSSSAG00000066617
ENSSSAG00000112402,ENSSSAG00000073482
ENSSSAG00000099780,ENSSSAG00000073534
ENSSSAG00000067170,ENSSSAG00000073254
ENSSSAG00000108736,ENSSSAG00000041056
ENSSSAG00000002535,ENSSSAG00000067187
ENSSSAG00000087746,ENSSSAG00000041128
ENSSSAG00000016736,ENSSSAG00000071571
ENSSSAG00000049640,ENSSSAG00000042905
ENSSSAG00000048030,ENSSSAG00000041651
ENSSSAG00000093448,ENSSSAG00000056166
ENSSSAG00000066490,ENSSSAG00000042830
ENSSSAG00000074550,ENSSSAG00000093215
ENSSSAG00000122213,ENSSSAG00000069341
ENSSSAG00000067347,ENSSSAG00000069970
ENSSSAG00000092776,ENSSSAG00000109100
ENSSSAG00000076899,ENSSSAG00000072221
ENSSSAG00000090164,ENSSSAG00000044921
ENSSSAG00000008290,ENSSSAG00000111597
ENSSSAG00000052029,ENSSSAG00000054419
ENSSSAG00000091193,ENSSSAG00000044530
ENSSSAG00000016312,ENSSSAG00000067476
ENSSSAG00000078817,ENSSSAG00000113520
ENSSSAG00000061432,ENSSSAG00000067647
ENSSSAG00000094379,ENSSSAG00000046257
ENSSSAG00000078647,ENSSSAG00000067704
ENSSSAG00000077977,ENSSSAG00000041575
ENSSSAG00000074607,ENSSSAG00000040791
ENSSSAG00000079642,ENSSSAG00000056399
ENSSSAG00000116652,ENSSSAG00000065724
ENSSSAG00000063936,ENSSSAG00000067099
ENSSSAG00000008579,ENSSSAG00000109138
ENSSSAG00000076571,ENSSSAG00000120883
ENSSSAG00000097843,ENSSSAG00000058643
ENSSSAG00000071284,ENSSSAG00000095110
ENSSSAG00000054376,ENSSSAG00000055938
ENSSSAG00000028652,ENSSSAG00000064908
ENSSSAG00000040632,ENSSSAG00000077638
ENSSSAG00000081663,ENSSSAG00000055954
ENSSSAG00000004802,ENSSSAG00000077676
ENSSSAG00000065890,ENSSSAG00000087300
ENSSSAG00000008869,ENSSSAG00000096954
ENSSSAG00000076754,ENSSSAG00000104426
ENSSSAG00000039899,ENSSSAG00000049688
ENSSSAG00000119742,ENSSSAG00000006144
ENSSSAG00000076319,ENSSSAG00000068500
ENSSSAG00000048073,ENSSSAG00000068338
ENSSSAG00000032055,ENSSSAG00000066450
ENSSSAG00000077659,ENSSSAG00000055414
ENSSSAG00000052655,ENSSSAG00000007294
ENSSSAG00000006777,ENSSSAG00000007286
ENSSSAG00000007031,ENSSSAG00000093278
ENSSSAG00000086172,ENSSSAG00000074295
ENSSSAG00000000389,ENSSSAG00000068565
ENSSSAG00000005195,ENSSSAG00000075652
ENSSSAG00000071774,ENSSSAG00000093782
ENSSSAG00000062802,ENSSSAG00000078168
ENSSSAG00000054746,ENSSSAG00000110522
ENSSSAG00000058816,ENSSSAG00000063131
ENSSSAG00000049929,ENSSSAG00000063211
ENSSSAG00000070390,ENSSSAG00000040424
ENSSSAG00000005885,ENSSSAG00000108728
ENSSSAG00000041859,ENSSSAG00000071514
ENSSSAG00000066945,ENSSSAG00000044436
ENSSSAG00000039229,ENSSSAG00000044238
ENSSSAG00000012970,ENSSSAG00000073342
ENSSSAG00000064674,ENSSSAG00000074054
ENSSSAG00000055442,ENSSSAG00000054267
ENSSSAG00000085691,ENSSSAG00000116284
ENSSSAG00000100080,ENSSSAG00000066133
ENSSSAG00000048870,ENSSSAG00000041466
ENSSSAG00000054902,ENSSSAG00000047884
ENSSSAG00000119324,ENSSSAG00000012488
ENSSSAG00000045829,ENSSSAG00000041893
ENSSSAG00000005785,ENSSSAG00000073118
ENSSSAG00000066552,ENSSSAG00000048397
ENSSSAG00000046800,ENSSSAG00000089088
ENSSSAG00000002870,ENSSSAG00000089855
ENSSSAG00000111398,ENSSSAG00000121441
ENSSSAG00000081331,ENSSSAG00000046323
ENSSSAG00000076313,ENSSSAG00000047923
ENSSSAG00000103873,ENSSSAG00000095191
ENSSSAG00000076820,ENSSSAG00000052401
ENSSSAG00000013940,ENSSSAG00000063869
ENSSSAG00000003853,ENSSSAG00000071431
ENSSSAG00000027762,ENSSSAG00000103557
ENSSSAG00000072298,ENSSSAG00000071477
ENSSSAG00000063140,ENSSSAG00000069220
ENSSSAG00000055992,ENSSSAG00000088630
ENSSSAG00000054084,ENSSSAG00000048641
ENSSSAG00000042280,ENSSSAG00000074375
ENSSSAG00000093182,ENSSSAG00000116274
ENSSSAG00000001311,ENSSSAG00000069168
ENSSSAG00000107749,ENSSSAG00000077465
ENSSSAG00000002315,ENSSSAG00000083480
ENSSSAG00000106647,ENSSSAG00000093511
ENSSSAG00000064827,ENSSSAG00000006321
ENSSSAG00000004476,ENSSSAG00000051864
ENSSSAG00000004349,ENSSSAG00000072734
ENSSSAG00000075646,ENSSSAG00000109131
ENSSSAG00000001566,ENSSSAG00000071203
ENSSSAG00000069788,ENSSSAG00000063431
ENSSSAG00000074668,ENSSSAG00000115834
ENSSSAG00000082853,ENSSSAG00000114513
ENSSSAG00000074369,ENSSSAG00000043630
ENSSSAG00000040519,ENSSSAG00000104260
ENSSSAG00000010609,ENSSSAG00000108830
ENSSSAG00000006391,ENSSSAG00000069403
ENSSSAG00000002340,ENSSSAG00000089482
ENSSSAG00000101693,ENSSSAG00000102910
ENSSSAG00000001984,ENSSSAG00000073344
ENSSSAG00000063975,ENSSSAG00000037239
ENSSSAG00000048069,ENSSSAG00000044494
ENSSSAG00000003499,ENSSSAG00000119308
ENSSSAG00000054921,ENSSSAG00000119308
ENSSSAG00000078852,ENSSSAG00000072776
ENSSSAG00000111735,ENSSSAG00000009165
ENSSSAG00000066736,ENSSSAG00000044386
ENSSSAG00000069932,ENSSSAG00000044727
ENSSSAG00000074996,ENSSSAG00000043932
ENSSSAG00000076230,ENSSSAG00000096927
ENSSSAG00000091674,ENSSSAG00000010193
ENSSSAG00000113557,ENSSSAG00000006588
ENSSSAG00000070225,ENSSSAG00000007252
ENSSSAG00000005920,ENSSSAG00000112886
ENSSSAG00000099468,ENSSSAG00000046072
ENSSSAG00000063615,ENSSSAG00000078051
ENSSSAG00000044192,ENSSSAG00000105688
ENSSSAG00000083043,ENSSSAG00000007767
ENSSSAG00000105888,ENSSSAG00000066711
ENSSSAG00000097788,ENSSSAG00000080019
ENSSSAG00000076885,ENSSSAG00000080012
ENSSSAG00000040562,ENSSSAG00000086977
ENSSSAG00000065732,ENSSSAG00000078597
ENSSSAG00000113482,ENSSSAG00000054024
ENSSSAG00000067886,ENSSSAG00000006674
ENSSSAG00000068972,ENSSSAG00000056556
ENSSSAG00000090540,ENSSSAG00000040976
ENSSSAG00000073315,ENSSSAG00000079563
ENSSSAG00000039375,ENSSSAG00000081017
ENSSSAG00000108226,ENSSSAG00000007990
ENSSSAG00000119412,ENSSSAG00000051551
ENSSSAG00000080325,ENSSSAG00000073042
ENSSSAG00000008685,ENSSSAG00000116937
ENSSSAG00000083694,ENSSSAG00000108100
ENSSSAG00000073748,ENSSSAG00000077786
ENSSSAG00000080008,ENSSSAG00000108132
ENSSSAG00000069204,ENSSSAG00000115333
ENSSSAG00000081658,ENSSSAG00000066045
ENSSSAG00000052229,ENSSSAG00000110423
ENSSSAG00000078869,ENSSSAG00000077778
ENSSSAG00000095424,ENSSSAG00000007476
ENSSSAG00000116160,ENSSSAG00000058679
ENSSSAG00000075153,ENSSSAG00000059116
ENSSSAG00000087400,ENSSSAG00000017232
ENSSSAG00000038552,ENSSSAG00000119743
ENSSSAG00000078540,ENSSSAG00000069562
ENSSSAG00000049259,ENSSSAG00000118099
ENSSSAG00000093882,ENSSSAG00000059761
ENSSSAG00000110575,ENSSSAG00000068463
ENSSSAG00000078086,ENSSSAG00000096692
ENSSSAG00000077691,ENSSSAG00000081215
ENSSSAG00000116632,ENSSSAG00000086687
ENSSSAG00000066271,ENSSSAG00000078982
ENSSSAG00000115270,ENSSSAG00000120955
ENSSSAG00000004752,ENSSSAG00000074511
ENSSSAG00000095820,ENSSSAG00000077549
ENSSSAG00000057067,ENSSSAG00000106820
ENSSSAG00000008639,ENSSSAG00000078700
ENSSSAG00000098279,ENSSSAG00000078725
ENSSSAG00000024837,ENSSSAG00000080323
ENSSSAG00000112620,ENSSSAG00000051852
ENSSSAG00000065372,ENSSSAG00000052041
ENSSSAG00000006809,ENSSSAG00000055794
ENSSSAG00000095155,ENSSSAG00000066989
ENSSSAG00000065470,ENSSSAG00000074304
ENSSSAG00000074912,ENSSSAG00000072406
ENSSSAG00000084437,ENSSSAG00000071345
ENSSSAG00000004426,ENSSSAG00000098523
ENSSSAG00000054939,ENSSSAG00000053913
ENSSSAG00000098197,ENSSSAG00000120394
ENSSSAG00000001065,ENSSSAG00000072242
ENSSSAG00000074172,ENSSSAG00000100365
ENSSSAG00000008188,ENSSSAG00000040985
ENSSSAG00000109959,ENSSSAG00000041048
ENSSSAG00000064182,ENSSSAG00000109466
ENSSSAG00000066297,ENSSSAG00000010155
ENSSSAG00000087185,ENSSSAG00000078192
ENSSSAG00000118635,ENSSSAG00000101618
ENSSSAG00000002622,ENSSSAG00000003021
ENSSSAG00000079931,ENSSSAG00000115764
ENSSSAG00000018923,ENSSSAG00000000151
ENSSSAG00000076506,ENSSSAG00000065377
ENSSSAG00000064319,ENSSSAG00000117349
ENSSSAG00000046599,ENSSSAG00000067298
ENSSSAG00000009555,ENSSSAG00000121775
ENSSSAG00000046550,ENSSSAG00000079701
ENSSSAG00000007518,ENSSSAG00000080209
ENSSSAG00000122198,ENSSSAG00000054893
ENSSSAG00000039934,ENSSSAG00000065517
ENSSSAG00000015787,ENSSSAG00000041540
ENSSSAG00000041153,ENSSSAG00000104204
ENSSSAG00000002810,ENSSSAG00000054554
ENSSSAG00000017038,ENSSSAG00000054898
ENSSSAG00000074566,ENSSSAG00000054898
ENSSSAG00000100619,ENSSSAG00000103344
ENSSSAG00000053569,ENSSSAG00000114439
ENSSSAG00000105316,ENSSSAG00000085349
ENSSSAG00000111433,ENSSSAG00000070441
ENSSSAG00000040203,ENSSSAG00000120215
ENSSSAG00000068653,ENSSSAG00000010786
ENSSSAG00000087757,ENSSSAG00000051956
ENSSSAG00000077845,ENSSSAG00000010786
ENSSSAG00000106447,ENSSSAG00000043589
ENSSSAG00000065529,ENSSSAG00000039816
ENSSSAG00000004185,ENSSSAG00000113721
ENSSSAG00000073443,ENSSSAG00000077634
ENSSSAG00000015001,ENSSSAG00000078040
ENSSSAG00000075333,ENSSSAG00000064538
ENSSSAG00000106067,ENSSSAG00000079460
ENSSSAG00000122294,ENSSSAG00000007604
ENSSSAG00000117178,ENSSSAG00000054556
ENSSSAG00000007442,ENSSSAG00000056237
ENSSSAG00000074549,ENSSSAG00000120982
ENSSSAG00000065960,ENSSSAG00000091206
ENSSSAG00000073018,ENSSSAG00000031908
ENSSSAG00000078142,ENSSSAG00000080573
ENSSSAG00000004407,ENSSSAG00000040607
ENSSSAG00000033083,ENSSSAG00000076100
ENSSSAG00000071535,ENSSSAG00000091038
ENSSSAG00000051381,ENSSSAG00000066332
ENSSSAG00000074138,ENSSSAG00000069153
ENSSSAG00000075764,ENSSSAG00000069251
ENSSSAG00000072825,ENSSSAG00000079036
ENSSSAG00000108879,ENSSSAG00000065136
ENSSSAG00000087571,ENSSSAG00000061774
ENSSSAG00000039768,ENSSSAG00000110208
ENSSSAG00000004285,ENSSSAG00000061065
ENSSSAG00000075658,ENSSSAG00000059640
ENSSSAG00000054528,ENSSSAG00000059163
ENSSSAG00000045905,ENSSSAG00000056848
ENSSSAG00000096125,ENSSSAG00000106489
ENSSSAG00000067896,ENSSSAG00000106489
ENSSSAG00000064373,ENSSSAG00000074616
ENSSSAG00000113868,ENSSSAG00000049756
ENSSSAG00000072655,ENSSSAG00000052226
ENSSSAG00000075700,ENSSSAG00000006495
ENSSSAG00000075549,ENSSSAG00000105314
ENSSSAG00000048602,ENSSSAG00000113661
ENSSSAG00000115928,ENSSSAG00000113661
ENSSSAG00000070523,ENSSSAG00000058535
ENSSSAG00000071942,ENSSSAG00000057029
ENSSSAG00000077896,ENSSSAG00000087751
ENSSSAG00000107989,ENSSSAG00000077515
ENSSSAG00000076901,ENSSSAG00000109246
ENSSSAG00000003723,ENSSSAG00000050830
ENSSSAG00000121684,ENSSSAG00000019881
ENSSSAG00000096808,ENSSSAG00000018443
ENSSSAG00000075905,ENSSSAG00000076385
ENSSSAG00000113605,ENSSSAG00000049695
ENSSSAG00000082055,ENSSSAG00000054282
ENSSSAG00000011692,ENSSSAG00000111051
ENSSSAG00000038205,ENSSSAG00000006805
ENSSSAG00000008284,ENSSSAG00000075738
ENSSSAG00000092783,ENSSSAG00000075399
ENSSSAG00000072074,ENSSSAG00000042332
ENSSSAG00000046960,ENSSSAG00000074529
ENSSSAG00000016878,ENSSSAG00000098312
ENSSSAG00000076504,ENSSSAG00000074256
ENSSSAG00000083297,ENSSSAG00000006182
ENSSSAG00000066151,ENSSSAG00000080130
ENSSSAG00000085342,ENSSSAG00000081775
ENSSSAG00000000827,ENSSSAG00000071656
ENSSSAG00000070854,ENSSSAG00000088229
ENSSSAG00000104526,ENSSSAG00000052042
ENSSSAG00000081463,ENSSSAG00000045625
ENSSSAG00000066224,ENSSSAG00000082482
ENSSSAG00000002995,ENSSSAG00000099372
ENSSSAG00000119609,ENSSSAG00000078817
ENSSSAG00000015729,ENSSSAG00000072428
ENSSSAG00000091439,ENSSSAG00000062839
ENSSSAG00000037346,ENSSSAG00000058553
ENSSSAG00000096594,ENSSSAG00000081888
ENSSSAG00000005120,ENSSSAG00000074591
ENSSSAG00000042352,ENSSSAG00000074579
ENSSSAG00000008503,ENSSSAG00000094148
ENSSSAG00000051846,ENSSSAG00000107131
ENSSSAG00000065133,ENSSSAG00000045429
ENSSSAG00000110482,ENSSSAG00000069891
ENSSSAG00000078153,ENSSSAG00000072073
ENSSSAG00000101993,ENSSSAG00000052749
ENSSSAG00000102946,ENSSSAG00000076030
ENSSSAG00000121603,ENSSSAG00000072149
ENSSSAG00000064467,ENSSSAG00000076960
ENSSSAG00000082859,ENSSSAG00000053696
ENSSSAG00000055522,ENSSSAG00000068747
ENSSSAG00000078141,ENSSSAG00000065617
ENSSSAG00000063188,ENSSSAG00000077681
ENSSSAG00000065655,ENSSSAG00000072676
ENSSSAG00000108471,ENSSSAG00000054736
ENSSSAG00000118105,ENSSSAG00000098616
ENSSSAG00000075402,ENSSSAG00000100698
ENSSSAG00000008499,ENSSSAG00000066596
ENSSSAG00000069293,ENSSSAG00000006217
ENSSSAG00000069796,ENSSSAG00000070064
ENSSSAG00000078313,ENSSSAG00000064361
ENSSSAG00000046408,ENSSSAG00000064744
ENSSSAG00000083080,ENSSSAG00000065079
ENSSSAG00000111884,ENSSSAG00000067690
ENSSSAG00000041855,ENSSSAG00000115589
ENSSSAG00000056912,ENSSSAG00000103276
ENSSSAG00000066129,ENSSSAG00000069126
ENSSSAG00000067502,ENSSSAG00000080830
ENSSSAG00000057234,ENSSSAG00000081445
ENSSSAG00000072170,ENSSSAG00000051568
ENSSSAG00000054753,ENSSSAG00000059628
ENSSSAG00000015445,ENSSSAG00000042565
ENSSSAG00000001340,ENSSSAG00000043154
ENSSSAG00000079060,ENSSSAG00000048250
ENSSSAG00000076977,ENSSSAG00000056451
ENSSSAG00000075021,ENSSSAG00000105234
ENSSSAG00000045868,ENSSSAG00000117020
ENSSSAG00000004766,ENSSSAG00000063499
ENSSSAG00000008099,ENSSSAG00000068476
ENSSSAG00000006662,ENSSSAG00000067990
ENSSSAG00000053652,ENSSSAG00000068100
ENSSSAG00000005920,ENSSSAG00000073039
ENSSSAG00000075541,ENSSSAG00000073023
ENSSSAG00000074634,ENSSSAG00000068096
ENSSSAG00000008283,ENSSSAG00000103937
ENSSSAG00000008372,ENSSSAG00000094760
ENSSSAG00000071876,ENSSSAG00000066837
ENSSSAG00000104737,ENSSSAG00000068118
ENSSSAG00000006311,ENSSSAG00000057316
ENSSSAG00000002459,ENSSSAG00000053327
ENSSSAG00000105794,ENSSSAG00000082070
ENSSSAG00000074546,ENSSSAG00000066689
ENSSSAG00000116081,ENSSSAG00000067456
ENSSSAG00000004585,ENSSSAG00000074153
ENSSSAG00000052997,ENSSSAG00000108666
ENSSSAG00000105357,ENSSSAG00000102520
ENSSSAG00000111352,ENSSSAG00000102520
ENSSSAG00000007683,ENSSSAG00000051579
ENSSSAG00000052321,ENSSSAG00000064199
ENSSSAG00000073723,ENSSSAG00000067909
ENSSSAG00000061084,ENSSSAG00000068751
ENSSSAG00000049154,ENSSSAG00000081659
ENSSSAG00000086720,ENSSSAG00000118282
ENSSSAG00000101357,ENSSSAG00000075805
ENSSSAG00000045457,ENSSSAG00000051104
ENSSSAG00000084203,ENSSSAG00000081274
ENSSSAG00000008505,ENSSSAG00000092388
ENSSSAG00000076066,ENSSSAG00000117779
ENSSSAG00000003060,ENSSSAG00000111295
ENSSSAG00000077571,ENSSSAG00000070650
ENSSSAG00000001355,ENSSSAG00000015609
ENSSSAG00000117516,ENSSSAG00000114178
ENSSSAG00000069538,ENSSSAG00000015525
ENSSSAG00000099292,ENSSSAG00000097483
ENSSSAG00000077573,ENSSSAG00000077663
ENSSSAG00000061384,ENSSSAG00000077252
ENSSSAG00000040154,ENSSSAG00000113032
ENSSSAG00000042207,ENSSSAG00000085447
ENSSSAG00000109460,ENSSSAG00000070117
ENSSSAG00000085645,ENSSSAG00000117657
ENSSSAG00000055228,ENSSSAG00000114003
ENSSSAG00000003308,ENSSSAG00000051743
ENSSSAG00000043377,ENSSSAG00000051953
ENSSSAG00000005463,ENSSSAG00000081291
ENSSSAG00000114861,ENSSSAG00000108030
ENSSSAG00000083993,ENSSSAG00000063664
ENSSSAG00000068601,ENSSSAG00000052937
ENSSSAG00000073205,ENSSSAG00000052723
ENSSSAG00000097439,ENSSSAG00000086360
ENSSSAG00000113183,ENSSSAG00000001849
ENSSSAG00000005541,ENSSSAG00000042364
ENSSSAG00000080831,ENSSSAG00000042305
ENSSSAG00000055619,ENSSSAG00000036755
ENSSSAG00000019169,ENSSSAG00000110305
ENSSSAG00000019460,ENSSSAG00000086903
ENSSSAG00000009466,ENSSSAG00000114786
ENSSSAG00000067498,ENSSSAG00000079472
ENSSSAG00000094654,ENSSSAG00000053631
ENSSSAG00000043976,ENSSSAG00000108544
ENSSSAG00000077212,ENSSSAG00000067581
ENSSSAG00000078860,ENSSSAG00000108449
ENSSSAG00000002463,ENSSSAG00000072682
ENSSSAG00000080749,ENSSSAG00000072164
ENSSSAG00000067988,ENSSSAG00000073387
ENSSSAG00000081733,ENSSSAG00000074925
ENSSSAG00000009104,ENSSSAG00000076971
ENSSSAG00000072341,ENSSSAG00000008683
ENSSSAG00000104669,ENSSSAG00000074813
ENSSSAG00000071535,ENSSSAG00000072324
ENSSSAG00000050674,ENSSSAG00000053522
ENSSSAG00000113896,ENSSSAG00000075456
ENSSSAG00000078129,ENSSSAG00000075456
ENSSSAG00000092923,ENSSSAG00000079522
ENSSSAG00000045215,ENSSSAG00000119602
ENSSSAG00000079879,ENSSSAG00000009085
ENSSSAG00000062230,ENSSSAG00000103073
ENSSSAG00000092063,ENSSSAG00000039730
ENSSSAG00000051778,ENSSSAG00000010206
ENSSSAG00000077295,ENSSSAG00000106801
ENSSSAG00000078361,ENSSSAG00000068385
ENSSSAG00000076406,ENSSSAG00000098502
ENSSSAG00000054483,ENSSSAG00000091823
ENSSSAG00000003176,ENSSSAG00000058175
ENSSSAG00000001995,ENSSSAG00000068393
ENSSSAG00000049387,ENSSSAG00000070692
ENSSSAG00000039991,ENSSSAG00000041164
ENSSSAG00000075090,ENSSSAG00000041180
ENSSSAG00000048597,ENSSSAG00000049477
ENSSSAG00000040538,ENSSSAG00000086393
ENSSSAG00000007437,ENSSSAG00000064858
ENSSSAG00000071894,ENSSSAG00000055179
ENSSSAG00000005797,ENSSSAG00000073473
ENSSSAG00000079032,ENSSSAG00000082225
ENSSSAG00000056275,ENSSSAG00000068143
ENSSSAG00000067812,ENSSSAG00000081960
ENSSSAG00000078291,ENSSSAG00000016047
ENSSSAG00000078007,ENSSSAG00000099327
ENSSSAG00000044413,ENSSSAG00000089292
ENSSSAG00000103143,ENSSSAG00000071333
ENSSSAG00000051663,ENSSSAG00000073293
ENSSSAG00000076158,ENSSSAG00000047274
ENSSSAG00000077567,ENSSSAG00000048450
ENSSSAG00000006189,ENSSSAG00000074886
ENSSSAG00000103879,ENSSSAG00000096938
ENSSSAG00000074163,ENSSSAG00000093984
ENSSSAG00000085895,ENSSSAG00000071279
ENSSSAG00000096547,ENSSSAG00000013522
ENSSSAG00000064093,ENSSSAG00000081376
ENSSSAG00000042654,ENSSSAG00000085309
ENSSSAG00000103213,ENSSSAG00000093836
ENSSSAG00000090963,ENSSSAG00000105336
ENSSSAG00000067755,ENSSSAG00000066840
ENSSSAG00000056753,ENSSSAG00000105376
ENSSSAG00000082595,ENSSSAG00000075006
ENSSSAG00000046679,ENSSSAG00000015509
ENSSSAG00000038552,ENSSSAG00000113304
ENSSSAG00000059711,ENSSSAG00000072540
ENSSSAG00000071666,ENSSSAG00000075113
ENSSSAG00000007069,ENSSSAG00000075863
ENSSSAG00000006615,ENSSSAG00000069736
ENSSSAG00000005613,ENSSSAG00000095683
ENSSSAG00000080915,ENSSSAG00000067546
ENSSSAG00000072731,ENSSSAG00000071267
ENSSSAG00000067917,ENSSSAG00000069764
ENSSSAG00000118986,ENSSSAG00000069280
ENSSSAG00000007316,ENSSSAG00000053611
ENSSSAG00000044180,ENSSSAG00000081387
ENSSSAG00000075872,ENSSSAG00000096094
ENSSSAG00000081232,ENSSSAG00000052792
ENSSSAG00000097259,ENSSSAG00000084920
ENSSSAG00000107828,ENSSSAG00000072995
ENSSSAG00000076344,ENSSSAG00000072995
ENSSSAG00000066734,ENSSSAG00000086715
ENSSSAG00000004275,ENSSSAG00000076207
ENSSSAG00000040333,ENSSSAG00000071249
ENSSSAG00000062430,ENSSSAG00000120524
ENSSSAG00000018552,ENSSSAG00000075770
ENSSSAG00000081033,ENSSSAG00000068296
ENSSSAG00000081502,ENSSSAG00000064901
ENSSSAG00000044993,ENSSSAG00000042489
ENSSSAG00000072079,ENSSSAG00000093784
ENSSSAG00000002760,ENSSSAG00000081068
ENSSSAG00000070735,ENSSSAG00000081481
ENSSSAG00000080164,ENSSSAG00000063863
ENSSSAG00000053693,ENSSSAG00000072448
ENSSSAG00000056075,ENSSSAG00000119541
ENSSSAG00000052003,ENSSSAG00000054903
ENSSSAG00000073623,ENSSSAG00000078899
ENSSSAG00000076196,ENSSSAG00000100502
ENSSSAG00000053550,ENSSSAG00000075973
ENSSSAG00000069037,ENSSSAG00000081257
ENSSSAG00000039513,ENSSSAG00000046434
ENSSSAG00000046988,ENSSSAG00000058573
ENSSSAG00000044844,ENSSSAG00000097466
ENSSSAG00000066193,ENSSSAG00000107295
ENSSSAG00000003084,ENSSSAG00000082958
ENSSSAG00000055264,ENSSSAG00000071814
ENSSSAG00000076252,ENSSSAG00000101310
ENSSSAG00000092099,ENSSSAG00000064627
ENSSSAG00000101780,ENSSSAG00000079872
ENSSSAG00000067273,ENSSSAG00000080110
ENSSSAG00000100914,ENSSSAG00000053679
ENSSSAG00000003819,ENSSSAG00000054838
ENSSSAG00000063992,ENSSSAG00000118945
ENSSSAG00000056357,ENSSSAG00000048644
ENSSSAG00000072459,ENSSSAG00000115822
ENSSSAG00000040388,ENSSSAG00000068458
ENSSSAG00000076796,ENSSSAG00000068217
ENSSSAG00000077287,ENSSSAG00000067304
ENSSSAG00000120375,ENSSSAG00000067240
ENSSSAG00000108320,ENSSSAG00000005202
ENSSSAG00000067929,ENSSSAG00000044770
ENSSSAG00000052071,ENSSSAG00000049945
ENSSSAG00000041440,ENSSSAG00000052242
ENSSSAG00000071547,ENSSSAG00000009430
ENSSSAG00000057249,ENSSSAG00000098274
ENSSSAG00000015792,ENSSSAG00000073676
ENSSSAG00000051542,ENSSSAG00000053180
ENSSSAG00000086843,ENSSSAG00000073059
ENSSSAG00000111353,ENSSSAG00000073998
ENSSSAG00000069612,ENSSSAG00000103946
ENSSSAG00000007141,ENSSSAG00000053530
ENSSSAG00000107707,ENSSSAG00000088441
ENSSSAG00000079423,ENSSSAG00000066856
ENSSSAG00000108314,ENSSSAG00000085345
ENSSSAG00000048049,ENSSSAG00000096802
ENSSSAG00000073466,ENSSSAG00000086217
ENSSSAG00000110412,ENSSSAG00000081412
ENSSSAG00000110728,ENSSSAG00000081394
ENSSSAG00000000258,ENSSSAG00000060308
ENSSSAG00000104269,ENSSSAG00000100178
ENSSSAG00000100370,ENSSSAG00000083760
ENSSSAG00000058447,ENSSSAG00000075910
ENSSSAG00000079159,ENSSSAG00000076000
ENSSSAG00000066038,ENSSSAG00000087496
ENSSSAG00000065680,ENSSSAG00000085669
ENSSSAG00000000593,ENSSSAG00000048006
ENSSSAG00000055362,ENSSSAG00000043940
ENSSSAG00000054795,ENSSSAG00000047184
ENSSSAG00000088324,ENSSSAG00000045875
ENSSSAG00000113358,ENSSSAG00000054342
ENSSSAG00000048431,ENSSSAG00000055973
ENSSSAG00000072806,ENSSSAG00000099638
ENSSSAG00000074189,ENSSSAG00000121763
ENSSSAG00000044143,ENSSSAG00000078480
ENSSSAG00000052932,ENSSSAG00000080992
ENSSSAG00000072862,ENSSSAG00000080992
ENSSSAG00000010698,ENSSSAG00000096305
ENSSSAG00000093242,ENSSSAG00000090026
ENSSSAG00000094428,ENSSSAG00000084331
ENSSSAG00000046786,ENSSSAG00000054721
ENSSSAG00000085288,ENSSSAG00000077390
ENSSSAG00000008582,ENSSSAG00000112565
ENSSSAG00000000156,ENSSSAG00000109696
ENSSSAG00000051782,ENSSSAG00000010139
ENSSSAG00000086592,ENSSSAG00000000557
ENSSSAG00000119892,ENSSSAG00000110017
ENSSSAG00000096592,ENSSSAG00000019439
ENSSSAG00000114198,ENSSSAG00000083055
ENSSSAG00000010432,ENSSSAG00000078303
ENSSSAG00000110320,ENSSSAG00000048659
ENSSSAG00000118532,ENSSSAG00000089264
ENSSSAG00000007847,ENSSSAG00000030357
ENSSSAG00000119938,ENSSSAG00000065568
ENSSSAG00000069073,ENSSSAG00000065020
ENSSSAG00000093671,ENSSSAG00000065622
ENSSSAG00000055693,ENSSSAG00000065705
ENSSSAG00000078487,ENSSSAG00000104853
ENSSSAG00000003879,ENSSSAG00000065979
ENSSSAG00000064883,ENSSSAG00000095437
ENSSSAG00000041866,ENSSSAG00000066463
ENSSSAG00000002414,ENSSSAG00000066852
ENSSSAG00000043505,ENSSSAG00000096654
ENSSSAG00000044195,ENSSSAG00000085163
ENSSSAG00000070113,ENSSSAG00000008952
ENSSSAG00000081355,ENSSSAG00000077998
ENSSSAG00000096626,ENSSSAG00000008868
ENSSSAG00000052811,ENSSSAG00000087495
ENSSSAG00000069973,ENSSSAG00000121955
ENSSSAG00000076363,ENSSSAG00000121037
ENSSSAG00000080981,ENSSSAG00000088503
ENSSSAG00000071667,ENSSSAG00000078507
ENSSSAG00000073498,ENSSSAG00000079637
ENSSSAG00000065243,ENSSSAG00000048636
ENSSSAG00000103919,ENSSSAG00000072311
ENSSSAG00000050092,ENSSSAG00000073661
ENSSSAG00000078433,ENSSSAG00000073653
ENSSSAG00000070671,ENSSSAG00000001058
ENSSSAG00000084562,ENSSSAG00000057485
ENSSSAG00000054999,ENSSSAG00000088434
ENSSSAG00000068379,ENSSSAG00000075660
ENSSSAG00000055276,ENSSSAG00000120095
ENSSSAG00000098720,ENSSSAG00000057661
ENSSSAG00000071732,ENSSSAG00000081939
ENSSSAG00000007160,ENSSSAG00000078574
ENSSSAG00000054245,ENSSSAG00000089595
ENSSSAG00000076931,ENSSSAG00000084206
ENSSSAG00000099951,ENSSSAG00000039442
ENSSSAG00000009841,ENSSSAG00000069282
ENSSSAG00000046050,ENSSSAG00000070996
ENSSSAG00000049638,ENSSSAG00000073552
ENSSSAG00000004321,ENSSSAG00000070169
ENSSSAG00000091334,ENSSSAG00000071831
ENSSSAG00000108446,ENSSSAG00000071836
ENSSSAG00000121122,ENSSSAG00000071845
ENSSSAG00000055799,ENSSSAG00000109415
ENSSSAG00000058717,ENSSSAG00000080625
ENSSSAG00000004406,ENSSSAG00000077145
ENSSSAG00000009294,ENSSSAG00000063216
ENSSSAG00000054088,ENSSSAG00000085950
ENSSSAG00000069141,ENSSSAG00000056526
ENSSSAG00000080820,ENSSSAG00000077013
ENSSSAG00000068625,ENSSSAG00000105367
ENSSSAG00000045689,ENSSSAG00000062573
ENSSSAG00000076800,ENSSSAG00000009320
ENSSSAG00000096767,ENSSSAG00000095934
ENSSSAG00000113997,ENSSSAG00000005336
ENSSSAG00000077999,ENSSSAG00000039569
ENSSSAG00000007418,ENSSSAG00000009690
ENSSSAG00000074667,ENSSSAG00000088643
ENSSSAG00000094011,ENSSSAG00000005749
ENSSSAG00000105630,ENSSSAG00000090505
ENSSSAG00000099340,ENSSSAG00000007758
ENSSSAG00000075277,ENSSSAG00000015487
ENSSSAG00000045702,ENSSSAG00000000949
ENSSSAG00000076119,ENSSSAG00000000902
ENSSSAG00000004872,ENSSSAG00000110590
ENSSSAG00000006786,ENSSSAG00000001665
ENSSSAG00000042541,ENSSSAG00000001707
ENSSSAG00000054722,ENSSSAG00000008093
ENSSSAG00000006514,ENSSSAG00000093417
ENSSSAG00000063841,ENSSSAG00000002087
ENSSSAG00000105626,ENSSSAG00000055161
ENSSSAG00000081252,ENSSSAG00000048519
ENSSSAG00000047411,ENSSSAG00000043262
ENSSSAG00000000854,ENSSSAG00000009307
ENSSSAG00000071910,ENSSSAG00000067955
ENSSSAG00000001126,ENSSSAG00000094463
ENSSSAG00000066172,ENSSSAG00000079944
ENSSSAG00000099997,ENSSSAG00000081753
ENSSSAG00000068053,ENSSSAG00000017188
ENSSSAG00000007588,ENSSSAG00000002750
ENSSSAG00000064548,ENSSSAG00000122078
ENSSSAG00000103861,ENSSSAG00000070894
ENSSSAG00000042464,ENSSSAG00000000345
ENSSSAG00000078621,ENSSSAG00000001544
ENSSSAG00000067677,ENSSSAG00000085058
ENSSSAG00000075195,ENSSSAG00000107877
ENSSSAG00000055780,ENSSSAG00000000550
ENSSSAG00000056455,ENSSSAG00000100957
ENSSSAG00000056030,ENSSSAG00000096383
ENSSSAG00000071920,ENSSSAG00000001438
ENSSSAG00000071339,ENSSSAG00000005089
ENSSSAG00000077639,ENSSSAG00000101385
ENSSSAG00000070506,ENSSSAG00000003344
ENSSSAG00000104990,ENSSSAG00000053551
ENSSSAG00000117950,ENSSSAG00000066013
ENSSSAG00000114029,ENSSSAG00000115325
ENSSSAG00000089446,ENSSSAG00000083933
ENSSSAG00000081317,ENSSSAG00000073467
ENSSSAG00000081526,ENSSSAG00000076376
ENSSSAG00000088541,ENSSSAG00000095656
ENSSSAG00000053843,ENSSSAG00000063298
ENSSSAG00000071167,ENSSSAG00000045334
ENSSSAG00000119839,ENSSSAG00000049978
ENSSSAG00000073372,ENSSSAG00000049978
ENSSSAG00000002528,ENSSSAG00000040099
ENSSSAG00000067036,ENSSSAG00000042290
ENSSSAG00000078575,ENSSSAG00000045562
ENSSSAG00000015253,ENSSSAG00000045592
ENSSSAG00000069386,ENSSSAG00000054047
ENSSSAG00000066239,ENSSSAG00000074836
ENSSSAG00000017022,ENSSSAG00000054816
ENSSSAG00000110250,ENSSSAG00000003202
ENSSSAG00000000553,ENSSSAG00000119437
ENSSSAG00000072056,ENSSSAG00000116896
ENSSSAG00000117696,ENSSSAG00000106220
ENSSSAG00000100803,ENSSSAG00000000759
ENSSSAG00000056533,ENSSSAG00000001762
ENSSSAG00000086827,ENSSSAG00000111074
ENSSSAG00000109693,ENSSSAG00000110097
ENSSSAG00000042918,ENSSSAG00000000752
ENSSSAG00000075418,ENSSSAG00000045929
ENSSSAG00000096919,ENSSSAG00000078021
ENSSSAG00000004227,ENSSSAG00000057154
ENSSSAG00000002264,ENSSSAG00000045995
ENSSSAG00000120374,ENSSSAG00000088252
ENSSSAG00000071127,ENSSSAG00000043771
ENSSSAG00000045326,ENSSSAG00000046952
ENSSSAG00000070109,ENSSSAG00000083748
ENSSSAG00000043765,ENSSSAG00000063491
ENSSSAG00000090604,ENSSSAG00000095622
ENSSSAG00000064243,ENSSSAG00000070647
ENSSSAG00000049134,ENSSSAG00000074598
ENSSSAG00000051105,ENSSSAG00000094912
ENSSSAG00000080644,ENSSSAG00000094912
ENSSSAG00000006907,ENSSSAG00000045059
ENSSSAG00000082398,ENSSSAG00000045154
ENSSSAG00000065074,ENSSSAG00000079358
ENSSSAG00000008033,ENSSSAG00000007893
ENSSSAG00000039618,ENSSSAG00000117760
ENSSSAG00000095348,ENSSSAG00000071738
ENSSSAG00000105059,ENSSSAG00000071152
ENSSSAG00000006580,ENSSSAG00000048578
ENSSSAG00000089833,ENSSSAG00000094599
ENSSSAG00000048169,ENSSSAG00000073134
ENSSSAG00000112785,ENSSSAG00000073126
ENSSSAG00000080453,ENSSSAG00000099308
ENSSSAG00000076112,ENSSSAG00000099308
ENSSSAG00000083979,ENSSSAG00000000855
ENSSSAG00000053453,ENSSSAG00000008487
ENSSSAG00000112172,ENSSSAG00000106256
ENSSSAG00000063349,ENSSSAG00000008878
ENSSSAG00000001503,ENSSSAG00000067428
ENSSSAG00000042685,ENSSSAG00000006804
ENSSSAG00000043713,ENSSSAG00000006740
ENSSSAG00000119905,ENSSSAG00000068009
ENSSSAG00000078898,ENSSSAG00000083798
ENSSSAG00000082572,ENSSSAG00000078271
ENSSSAG00000009244,ENSSSAG00000079943
ENSSSAG00000075232,ENSSSAG00000080169
ENSSSAG00000054302,ENSSSAG00000001204
ENSSSAG00000001302,ENSSSAG00000015419
ENSSSAG00000015626,ENSSSAG00000007215
ENSSSAG00000053275,ENSSSAG00000117852
ENSSSAG00000101923,ENSSSAG00000118420
ENSSSAG00000077054,ENSSSAG00000098715
ENSSSAG00000046398,ENSSSAG00000115078
ENSSSAG00000007722,ENSSSAG00000076705
ENSSSAG00000055945,ENSSSAG00000076315
ENSSSAG00000103096,ENSSSAG00000084675
ENSSSAG00000053536,ENSSSAG00000002143
ENSSSAG00000005460,ENSSSAG00000064642
ENSSSAG00000037896,ENSSSAG00000005407
ENSSSAG00000031718,ENSSSAG00000076123
ENSSSAG00000101402,ENSSSAG00000003029
ENSSSAG00000095803,ENSSSAG00000054926
ENSSSAG00000083240,ENSSSAG00000054954
ENSSSAG00000052956,ENSSSAG00000055323
ENSSSAG00000079422,ENSSSAG00000039375
ENSSSAG00000076242,ENSSSAG00000076875
ENSSSAG00000046956,ENSSSAG00000100090
ENSSSAG00000008392,ENSSSAG00000008210
ENSSSAG00000119813,ENSSSAG00000007820
ENSSSAG00000006799,ENSSSAG00000044542
ENSSSAG00000040605,ENSSSAG00000051668
ENSSSAG00000005095,ENSSSAG00000046427
ENSSSAG00000040909,ENSSSAG00000044316
ENSSSAG00000076176,ENSSSAG00000051681
ENSSSAG00000005807,ENSSSAG00000053661
ENSSSAG00000081049,ENSSSAG00000054666
ENSSSAG00000068795,ENSSSAG00000060466
ENSSSAG00000072485,ENSSSAG00000064843
ENSSSAG00000057685,ENSSSAG00000043325
ENSSSAG00000064313,ENSSSAG00000042174
ENSSSAG00000121498,ENSSSAG00000116091
ENSSSAG00000118531,ENSSSAG00000038140
ENSSSAG00000043592,ENSSSAG00000001444
ENSSSAG00000100306,ENSSSAG00000016311
ENSSSAG00000079568,ENSSSAG00000003604
ENSSSAG00000079850,ENSSSAG00000002023
ENSSSAG00000009221,ENSSSAG00000038979
ENSSSAG00000066540,ENSSSAG00000110201
ENSSSAG00000001047,ENSSSAG00000002116
ENSSSAG00000086186,ENSSSAG00000003193
ENSSSAG00000064346,ENSSSAG00000003812
ENSSSAG00000056888,ENSSSAG00000081794
ENSSSAG00000111782,ENSSSAG00000107138
ENSSSAG00000103914,ENSSSAG00000083944
ENSSSAG00000074095,ENSSSAG00000097636
ENSSSAG00000074845,ENSSSAG00000086818
ENSSSAG00000065972,ENSSSAG00000099034
ENSSSAG00000010230,ENSSSAG00000068371
ENSSSAG00000006850,ENSSSAG00000000051
ENSSSAG00000105000,ENSSSAG00000111048
ENSSSAG00000055270,ENSSSAG00000064948
ENSSSAG00000119911,ENSSSAG00000005550
ENSSSAG00000078122,ENSSSAG00000070825
ENSSSAG00000082023,ENSSSAG00000005614
ENSSSAG00000080526,ENSSSAG00000106483
ENSSSAG00000104813,ENSSSAG00000041429
ENSSSAG00000067134,ENSSSAG00000082017
ENSSSAG00000005217,ENSSSAG00000067422
ENSSSAG00000121849,ENSSSAG00000103324
ENSSSAG00000093804,ENSSSAG00000101791
ENSSSAG00000052284,ENSSSAG00000046592
ENSSSAG00000074862,ENSSSAG00000112015
ENSSSAG00000113965,ENSSSAG00000108027
ENSSSAG00000100331,ENSSSAG00000055541
ENSSSAG00000050994,ENSSSAG00000007930
ENSSSAG00000061450,ENSSSAG00000003343
ENSSSAG00000073354,ENSSSAG00000071029
ENSSSAG00000050739,ENSSSAG00000007605
ENSSSAG00000075862,ENSSSAG00000003941
ENSSSAG00000099529,ENSSSAG00000116873
ENSSSAG00000080868,ENSSSAG00000080488
ENSSSAG00000005417,ENSSSAG00000093364
ENSSSAG00000072502,ENSSSAG00000102427
ENSSSAG00000045957,ENSSSAG00000097178
ENSSSAG00000081729,ENSSSAG00000007980
ENSSSAG00000039672,ENSSSAG00000003580
ENSSSAG00000104839,ENSSSAG00000003634
ENSSSAG00000098227,ENSSSAG00000003648
ENSSSAG00000053894,ENSSSAG00000039163
ENSSSAG00000075315,ENSSSAG00000071867
ENSSSAG00000006530,ENSSSAG00000114915
ENSSSAG00000100998,ENSSSAG00000084714
ENSSSAG00000006903,ENSSSAG00000041029
ENSSSAG00000051349,ENSSSAG00000076499
ENSSSAG00000071903,ENSSSAG00000073684
ENSSSAG00000038567,ENSSSAG00000087031
ENSSSAG00000106689,ENSSSAG00000043788
ENSSSAG00000009509,ENSSSAG00000050640
ENSSSAG00000064449,ENSSSAG00000097950
ENSSSAG00000100755,ENSSSAG00000101621
ENSSSAG00000059162,ENSSSAG00000004126
ENSSSAG00000080443,ENSSSAG00000107874
ENSSSAG00000007202,ENSSSAG00000002771
ENSSSAG00000073807,ENSSSAG00000002955
ENSSSAG00000078630,ENSSSAG00000115843
ENSSSAG00000065483,ENSSSAG00000000630
ENSSSAG00000000630,ENSSSAG00000002728
ENSSSAG00000074130,ENSSSAG00000116914
ENSSSAG00000045629,ENSSSAG00000040278
ENSSSAG00000007425,ENSSSAG00000003456
ENSSSAG00000103858,ENSSSAG00000003456
ENSSSAG00000075855,ENSSSAG00000005787
ENSSSAG00000090366,ENSSSAG00000088265
ENSSSAG00000080786,ENSSSAG00000081591
ENSSSAG00000073416,ENSSSAG00000084975
ENSSSAG00000079415,ENSSSAG00000005452
ENSSSAG00000054585,ENSSSAG00000106428
ENSSSAG00000001522,ENSSSAG00000008419
ENSSSAG00000067261,ENSSSAG00000064879
ENSSSAG00000108755,ENSSSAG00000113694
ENSSSAG00000106518,ENSSSAG00000116752
ENSSSAG00000113001,ENSSSAG00000054988
ENSSSAG00000016373,ENSSSAG00000066247
ENSSSAG00000063986,ENSSSAG00000105775
ENSSSAG00000079172,ENSSSAG00000067381
ENSSSAG00000063158,ENSSSAG00000071874
ENSSSAG00000008334,ENSSSAG00000088552
ENSSSAG00000078780,ENSSSAG00000048772
ENSSSAG00000004824,ENSSSAG00000049170
ENSSSAG00000110495,ENSSSAG00000109181
ENSSSAG00000062699,ENSSSAG00000095212
ENSSSAG00000041927,ENSSSAG00000067582
ENSSSAG00000104746,ENSSSAG00000118234
ENSSSAG00000048510,ENSSSAG00000002466
ENSSSAG00000090269,ENSSSAG00000088442
ENSSSAG00000114215,ENSSSAG00000069189
ENSSSAG00000044046,ENSSSAG00000106805
ENSSSAG00000068492,ENSSSAG00000002200
ENSSSAG00000110664,ENSSSAG00000070930
ENSSSAG00000080932,ENSSSAG00000015764
ENSSSAG00000007959,ENSSSAG00000002137
ENSSSAG00000039042,ENSSSAG00000002399
ENSSSAG00000068164,ENSSSAG00000070970
ENSSSAG00000109406,ENSSSAG00000048798
ENSSSAG00000115011,ENSSSAG00000002755
ENSSSAG00000040610,ENSSSAG00000002830
ENSSSAG00000062871,ENSSSAG00000005572
ENSSSAG00000106156,ENSSSAG00000004811
ENSSSAG00000081861,ENSSSAG00000081982
ENSSSAG00000106725,ENSSSAG00000004290
ENSSSAG00000080046,ENSSSAG00000059278
ENSSSAG00000067266,ENSSSAG00000095277
ENSSSAG00000065170,ENSSSAG00000102183
ENSSSAG00000007030,ENSSSAG00000063223
ENSSSAG00000064657,ENSSSAG00000096711
ENSSSAG00000065412,ENSSSAG00000003585
ENSSSAG00000076798,ENSSSAG00000003520
ENSSSAG00000059660,ENSSSAG00000001610
ENSSSAG00000039962,ENSSSAG00000001501
ENSSSAG00000043763,ENSSSAG00000002220
ENSSSAG00000079510,ENSSSAG00000009277
ENSSSAG00000080379,ENSSSAG00000003618
ENSSSAG00000007628,ENSSSAG00000003538
ENSSSAG00000069974,ENSSSAG00000110757
ENSSSAG00000064360,ENSSSAG00000002211
ENSSSAG00000064699,ENSSSAG00000114477
ENSSSAG00000006571,ENSSSAG00000016312
ENSSSAG00000077347,ENSSSAG00000024626
ENSSSAG00000102689,ENSSSAG00000057616
ENSSSAG00000105533,ENSSSAG00000042032
ENSSSAG00000072642,ENSSSAG00000007171
ENSSSAG00000068519,ENSSSAG00000003288
ENSSSAG00000092453,ENSSSAG00000102790
ENSSSAG00000074341,ENSSSAG00000002803
ENSSSAG00000072118,ENSSSAG00000004929
ENSSSAG00000034849,ENSSSAG00000002416
ENSSSAG00000077601,ENSSSAG00000100817
ENSSSAG00000009969,ENSSSAG00000015634
ENSSSAG00000085483,ENSSSAG00000008883
ENSSSAG00000052678,ENSSSAG00000116509
ENSSSAG00000001101,ENSSSAG00000007719
ENSSSAG00000089264,ENSSSAG00000100732
ENSSSAG00000068254,ENSSSAG00000097340
ENSSSAG00000020298,ENSSSAG00000091452
ENSSSAG00000064838,ENSSSAG00000101610
ENSSSAG00000056533,ENSSSAG00000071609
ENSSSAG00000042461,ENSSSAG00000002943
ENSSSAG00000058859,ENSSSAG00000073667
ENSSSAG00000097068,ENSSSAG00000066302
ENSSSAG00000074827,ENSSSAG00000110982
ENSSSAG00000080079,ENSSSAG00000002454
ENSSSAG00000110153,ENSSSAG00000092541
ENSSSAG00000045077,ENSSSAG00000003998
ENSSSAG00000092471,ENSSSAG00000107339
ENSSSAG00000009331,ENSSSAG00000023196
ENSSSAG00000064833,ENSSSAG00000078685
ENSSSAG00000005912,ENSSSAG00000072026
ENSSSAG00000055437,ENSSSAG00000071416
ENSSSAG00000075935,ENSSSAG00000075258
ENSSSAG00000069311,ENSSSAG00000110860
ENSSSAG00000076834,ENSSSAG00000076849
ENSSSAG00000003974,ENSSSAG00000076778
ENSSSAG00000063827,ENSSSAG00000076739
ENSSSAG00000000377,ENSSSAG00000068878
ENSSSAG00000078354,ENSSSAG00000110860
ENSSSAG00000074731,ENSSSAG00000110322
ENSSSAG00000074892,ENSSSAG00000108515
ENSSSAG00000103574,ENSSSAG00000061218
ENSSSAG00000082830,ENSSSAG00000047219
ENSSSAG00000074913,ENSSSAG00000001748
ENSSSAG00000102152,ENSSSAG00000062824
ENSSSAG00000095736,ENSSSAG00000085319
ENSSSAG00000079537,ENSSSAG00000040168
ENSSSAG00000105075,ENSSSAG00000087715
ENSSSAG00000001786,ENSSSAG00000045734
ENSSSAG00000081912,ENSSSAG00000119299
ENSSSAG00000069235,ENSSSAG00000102403
ENSSSAG00000113310,ENSSSAG00000042297
ENSSSAG00000075912,ENSSSAG00000098973
ENSSSAG00000000874,ENSSSAG00000098973
ENSSSAG00000121830,ENSSSAG00000112839
ENSSSAG00000075167,ENSSSAG00000093611
ENSSSAG00000072638,ENSSSAG00000114761
ENSSSAG00000042751,ENSSSAG00000052680
ENSSSAG00000072714,ENSSSAG00000087462
ENSSSAG00000072227,ENSSSAG00000004867
ENSSSAG00000080689,ENSSSAG00000083329
ENSSSAG00000090224,ENSSSAG00000068936
ENSSSAG00000120518,ENSSSAG00000061606
ENSSSAG00000056648,ENSSSAG00000062787
ENSSSAG00000010201,ENSSSAG00000102455
ENSSSAG00000112678,ENSSSAG00000062908
ENSSSAG00000068222,ENSSSAG00000063066
ENSSSAG00000014558,ENSSSAG00000120633
ENSSSAG00000091713,ENSSSAG00000009841
ENSSSAG00000054536,ENSSSAG00000069568
ENSSSAG00000065392,ENSSSAG00000069568
ENSSSAG00000004627,ENSSSAG00000042100
ENSSSAG00000009936,ENSSSAG00000006771
ENSSSAG00000005047,ENSSSAG00000086953
ENSSSAG00000109974,ENSSSAG00000100830
ENSSSAG00000073238,ENSSSAG00000100830
ENSSSAG00000079625,ENSSSAG00000111438
ENSSSAG00000001291,ENSSSAG00000086953
ENSSSAG00000075639,ENSSSAG00000037934
ENSSSAG00000010446,ENSSSAG00000076371
ENSSSAG00000116745,ENSSSAG00000001541
ENSSSAG00000054209,ENSSSAG00000099004
ENSSSAG00000058170,ENSSSAG00000090011
ENSSSAG00000065460,ENSSSAG00000066547
ENSSSAG00000083474,ENSSSAG00000001009
ENSSSAG00000085827,ENSSSAG00000040316
ENSSSAG00000071672,ENSSSAG00000066232
ENSSSAG00000048037,ENSSSAG00000070750
ENSSSAG00000042284,ENSSSAG00000050860
ENSSSAG00000090848,ENSSSAG00000104629
ENSSSAG00000042779,ENSSSAG00000046134
ENSSSAG00000051568,ENSSSAG00000038396
ENSSSAG00000045830,ENSSSAG00000064152
ENSSSAG00000088113,ENSSSAG00000064884
ENSSSAG00000079840,ENSSSAG00000068432
ENSSSAG00000070083,ENSSSAG00000040075
ENSSSAG00000001855,ENSSSAG00000086331
ENSSSAG00000005357,ENSSSAG00000075033
ENSSSAG00000074981,ENSSSAG00000087847
ENSSSAG00000078071,ENSSSAG00000075036
ENSSSAG00000064246,ENSSSAG00000075725
ENSSSAG00000070563,ENSSSAG00000075825
ENSSSAG00000057301,ENSSSAG00000122198
ENSSSAG00000069154,ENSSSAG00000064646
ENSSSAG00000073889,ENSSSAG00000006864
ENSSSAG00000104138,ENSSSAG00000056122
ENSSSAG00000080849,ENSSSAG00000083658
ENSSSAG00000062710,ENSSSAG00000063522
ENSSSAG00000079063,ENSSSAG00000071138
ENSSSAG00000058417,ENSSSAG00000121571
ENSSSAG00000100077,ENSSSAG00000044376
ENSSSAG00000049900,ENSSSAG00000063825
ENSSSAG00000075300,ENSSSAG00000070601
ENSSSAG00000093105,ENSSSAG00000121279
ENSSSAG00000092726,ENSSSAG00000108327
ENSSSAG00000063504,ENSSSAG00000108327
ENSSSAG00000075009,ENSSSAG00000097816
ENSSSAG00000117742,ENSSSAG00000047682
ENSSSAG00000001593,ENSSSAG00000095995
ENSSSAG00000068810,ENSSSAG00000054732
ENSSSAG00000047338,ENSSSAG00000075086
ENSSSAG00000071310,ENSSSAG00000112704
ENSSSAG00000097666,ENSSSAG00000064822
ENSSSAG00000113251,ENSSSAG00000042261
